algorithm,dimension,function,run,seed,error,nfe,best_f,elapsed_s
jSO,10,1,1,2026320100,0,,,
jSO,10,1,2,2026320101,0,,,
jSO,10,1,3,2026320102,0,,,
jSO,10,1,4,2026320103,0,,,
jSO,10,1,5,2026320104,0,,,
jSO,10,1,6,2026320105,0,,,
jSO,10,1,7,2026320106,0,,,
jSO,10,1,8,2026320107,0,,,
jSO,10,1,9,2026320108,0,,,
jSO,10,1,10,2026320109,0,,,
jSO,10,1,11,2026320110,0,,,
jSO,10,1,12,2026320111,0,,,
jSO,10,1,13,2026320112,0,,,
jSO,10,1,14,2026320113,0,,,
jSO,10,1,15,2026320114,0,,,
jSO,10,1,16,2026320115,0,,,
jSO,10,1,17,2026320116,0,,,
jSO,10,1,18,2026320117,0,,,
jSO,10,1,19,2026320118,0,,,
jSO,10,1,20,2026320119,0,,,
jSO,10,1,21,2026320120,0,,,
jSO,10,1,22,2026320121,0,,,
jSO,10,1,23,2026320122,0,,,
jSO,10,1,24,2026320123,0,,,
jSO,10,1,25,2026320124,0,,,
jSO,10,1,26,2026320125,0,,,
jSO,10,1,27,2026320126,0,,,
jSO,10,1,28,2026320127,0,,,
jSO,10,1,29,2026320128,0,,,
jSO,10,1,30,2026320129,0,,,
jSO,10,2,1,2026320200,3.986579112347158,,,
jSO,10,2,2,2026320201,3.986579112347158,,,
jSO,10,2,3,2026320202,8.916101927781312,,,
jSO,10,2,4,2026320203,8.916101927781312,,,
jSO,10,2,5,2026320204,3.986579112347158,,,
jSO,10,2,6,2026320205,3.986579112347158,,,
jSO,10,2,7,2026320206,3.986579112347158,,,
jSO,10,2,8,2026320207,0,,,
jSO,10,2,9,2026320208,0,,,
jSO,10,2,10,2026320209,0,,,
jSO,10,2,11,2026320210,3.986579112347158,,,
jSO,10,2,12,2026320211,0,,,
jSO,10,2,13,2026320212,8.916101927781312,,,
jSO,10,2,14,2026320213,8.916101927781312,,,
jSO,10,2,15,2026320214,8.916101927781312,,,
jSO,10,2,16,2026320215,8.916101927781312,,,
jSO,10,2,17,2026320216,8.916101927781312,,,
jSO,10,2,18,2026320217,3.986579112347158,,,
jSO,10,2,19,2026320218,3.986579112347158,,,
jSO,10,2,20,2026320219,3.986579112347158,,,
jSO,10,2,21,2026320220,3.986579112347158,,,
jSO,10,2,22,2026320221,3.986579112347158,,,
jSO,10,2,23,2026320222,8.916101927781312,,,
jSO,10,2,24,2026320223,8.916101927781312,,,
jSO,10,2,25,2026320224,3.986579112347158,,,
jSO,10,2,26,2026320225,3.986579112347158,,,
jSO,10,2,27,2026320226,3.986579112347158,,,
jSO,10,2,28,2026320227,8.916101927781312,,,
jSO,10,2,29,2026320228,8.916101927781312,,,
jSO,10,2,30,2026320229,8.916101927781312,,,
jSO,10,3,1,2026320300,0,,,
jSO,10,3,2,2026320301,0,,,
jSO,10,3,3,2026320302,0,,,
jSO,10,3,4,2026320303,0,,,
jSO,10,3,5,2026320304,0,,,
jSO,10,3,6,2026320305,0,,,
jSO,10,3,7,2026320306,0,,,
jSO,10,3,8,2026320307,0,,,
jSO,10,3,9,2026320308,0,,,
jSO,10,3,10,2026320309,0,,,
jSO,10,3,11,2026320310,0,,,
jSO,10,3,12,2026320311,0,,,
jSO,10,3,13,2026320312,0,,,
jSO,10,3,14,2026320313,0,,,
jSO,10,3,15,2026320314,0,,,
jSO,10,3,16,2026320315,0,,,
jSO,10,3,17,2026320316,0,,,
jSO,10,3,18,2026320317,0,,,
jSO,10,3,19,2026320318,0,,,
jSO,10,3,20,2026320319,0,,,
jSO,10,3,21,2026320320,0,,,
jSO,10,3,22,2026320321,0,,,
jSO,10,3,23,2026320322,0,,,
jSO,10,3,24,2026320323,0,,,
jSO,10,3,25,2026320324,0,,,
jSO,10,3,26,2026320325,0,,,
jSO,10,3,27,2026320326,0,,,
jSO,10,3,28,2026320327,0,,,
jSO,10,3,29,2026320328,0,,,
jSO,10,3,30,2026320329,0,,,
jSO,10,4,1,2026320400,1.9899181141865938,,,
jSO,10,4,2,2026320401,2.9848771712800044,,,
jSO,10,4,3,2026320402,2.9848771712798907,,,
jSO,10,4,4,2026320403,0.9949590570932969,,,
jSO,10,4,5,2026320404,1.9899181141865938,,,
jSO,10,4,6,2026320405,1.9899181141865938,,,
jSO,10,4,7,2026320406,0,,,
jSO,10,4,8,2026320407,1.9899181141865938,,,
jSO,10,4,9,2026320408,0.9949590570932969,,,
jSO,10,4,10,2026320409,2.9848771712798907,,,
jSO,10,4,11,2026320410,2.9848771712798907,,,
jSO,10,4,12,2026320411,2.9848771712798907,,,
jSO,10,4,13,2026320412,0.9949590570932969,,,
jSO,10,4,14,2026320413,1.9899181141865938,,,
jSO,10,4,15,2026320414,1.9899181141865938,,,
jSO,10,4,16,2026320415,1.9899181141865938,,,
jSO,10,4,17,2026320416,2.9848771712798907,,,
jSO,10,4,18,2026320417,1.9899181141865938,,,
jSO,10,4,19,2026320418,1.9899181141865938,,,
jSO,10,4,20,2026320419,2.9848771712798907,,,
jSO,10,4,21,2026320420,2.9848771712798907,,,
jSO,10,4,22,2026320421,1.9899181141865938,,,
jSO,10,4,23,2026320422,2.9848771712798907,,,
jSO,10,4,24,2026320423,2.9848771712798907,,,
jSO,10,4,25,2026320424,2.9848771712798907,,,
jSO,10,4,26,2026320425,2.9848771712800044,,,
jSO,10,4,27,2026320426,1.9899181141865938,,,
jSO,10,4,28,2026320427,1.9899181141865938,,,
jSO,10,4,29,2026320428,2.9848771712798907,,,
jSO,10,4,30,2026320429,0.9949590570932969,,,
jSO,10,5,1,2026320500,0,,,
jSO,10,5,2,2026320501,0,,,
jSO,10,5,3,2026320502,0,,,
jSO,10,5,4,2026320503,0,,,
jSO,10,5,5,2026320504,0,,,
jSO,10,5,6,2026320505,0,,,
jSO,10,5,7,2026320506,0,,,
jSO,10,5,8,2026320507,0,,,
jSO,10,5,9,2026320508,0,,,
jSO,10,5,10,2026320509,0,,,
jSO,10,5,11,2026320510,0,,,
jSO,10,5,12,2026320511,0,,,
jSO,10,5,13,2026320512,0,,,
jSO,10,5,14,2026320513,0,,,
jSO,10,5,15,2026320514,0,,,
jSO,10,5,16,2026320515,0,,,
jSO,10,5,17,2026320516,0,,,
jSO,10,5,18,2026320517,0,,,
jSO,10,5,19,2026320518,0,,,
jSO,10,5,20,2026320519,0,,,
jSO,10,5,21,2026320520,0,,,
jSO,10,5,22,2026320521,0,,,
jSO,10,5,23,2026320522,0,,,
jSO,10,5,24,2026320523,0,,,
jSO,10,5,25,2026320524,0,,,
jSO,10,5,26,2026320525,0,,,
jSO,10,5,27,2026320526,0,,,
jSO,10,5,28,2026320527,0,,,
jSO,10,5,29,2026320528,0,,,
jSO,10,5,30,2026320529,0,,,
jSO,10,6,1,2026320600,0.11635242241845845,,,
jSO,10,6,2,2026320601,0.1711533632960709,,,
jSO,10,6,3,2026320602,0.40107393206767483,,,
jSO,10,6,4,2026320603,0.23405158478249177,,,
jSO,10,6,5,2026320604,0.31868655760717957,,,
jSO,10,6,6,2026320605,0.2262983325258574,,,
jSO,10,6,7,2026320606,0.1919539719938257,,,
jSO,10,6,8,2026320607,0.47356300540582197,,,
jSO,10,6,9,2026320608,0.25367712103343365,,,
jSO,10,6,10,2026320609,0.4450150345637667,,,
jSO,10,6,11,2026320610,0.0339891916353281,,,
jSO,10,6,12,2026320611,0.03283809421532169,,,
jSO,10,6,13,2026320612,0.245679781843819,,,
jSO,10,6,14,2026320613,0.11576005682127288,,,
jSO,10,6,15,2026320614,0.3243167580160389,,,
jSO,10,6,16,2026320615,0.058161467782611,,,
jSO,10,6,17,2026320616,0.47691746763916854,,,
jSO,10,6,18,2026320617,0.17028913553122038,,,
jSO,10,6,19,2026320618,0.021039677155840764,,,
jSO,10,6,20,2026320619,0.054139507492209304,,,
jSO,10,6,21,2026320620,0.0496212691416531,,,
jSO,10,6,22,2026320621,0.17980671214809263,,,
jSO,10,6,23,2026320622,0.22800396679303958,,,
jSO,10,6,24,2026320623,0.12957834156532044,,,
jSO,10,6,25,2026320624,0.14780327145945193,,,
jSO,10,6,26,2026320625,0.4359734359795766,,,
jSO,10,6,27,2026320626,0.030789532218705062,,,
jSO,10,6,28,2026320627,0.2913221537339723,,,
jSO,10,6,29,2026320628,0.28974546047265903,,,
jSO,10,6,30,2026320629,0.16235660654615458,,,
jSO,10,7,1,2026320700,0,,,
jSO,10,7,2,2026320701,0.00048623024395055836,,,
jSO,10,7,3,2026320702,0.000021788743879369576,,,
jSO,10,7,4,2026320703,0,,,
jSO,10,7,5,2026320704,0,,,
jSO,10,7,6,2026320705,0,,,
jSO,10,7,7,2026320706,0,,,
jSO,10,7,8,2026320707,1.1222255125176162e-8,,,
jSO,10,7,9,2026320708,0,,,
jSO,10,7,10,2026320709,0,,,
jSO,10,7,11,2026320710,0,,,
jSO,10,7,12,2026320711,0.00001701470068837807,,,
jSO,10,7,13,2026320712,0.00005266170660434,,,
jSO,10,7,14,2026320713,0,,,
jSO,10,7,15,2026320714,5.0397375161992386e-8,,,
jSO,10,7,16,2026320715,0,,,
jSO,10,7,17,2026320716,0.000027628933821688406,,,
jSO,10,7,18,2026320717,7.111566446837969e-8,,,
jSO,10,7,19,2026320718,0,,,
jSO,10,7,20,2026320719,0,,,
jSO,10,7,21,2026320720,1.4659235603176057e-8,,,
jSO,10,7,22,2026320721,0,,,
jSO,10,7,23,2026320722,0.0003020948993253114,,,
jSO,10,7,24,2026320723,0.000019262213982074172,,,
jSO,10,7,25,2026320724,2.1243295122985728e-8,,,
jSO,10,7,26,2026320725,0,,,
jSO,10,7,27,2026320726,1.4510760593111627e-8,,,
jSO,10,7,28,2026320727,0,,,
jSO,10,7,29,2026320728,0,,,
jSO,10,7,30,2026320729,0,,,
jSO,10,8,1,2026320800,0.14744904576991757,,,
jSO,10,8,2,2026320801,0.1430173211588226,,,
jSO,10,8,3,2026320802,0.3154836377561878,,,
jSO,10,8,4,2026320803,0.15278119189770223,,,
jSO,10,8,5,2026320804,0.1744895110514335,,,
jSO,10,8,6,2026320805,0.8233489897229447,,,
jSO,10,8,7,2026320806,0.1362609823186176,,,
jSO,10,8,8,2026320807,0.16354088628531827,,,
jSO,10,8,9,2026320808,0.19549986088713922,,,
jSO,10,8,10,2026320809,0.832119363262791,,,
jSO,10,8,11,2026320810,0.10553615309663655,,,
jSO,10,8,12,2026320811,0.16099075653210093,,,
jSO,10,8,13,2026320812,0.290655725706074,,,
jSO,10,8,14,2026320813,0.17288135965736728,,,
jSO,10,8,15,2026320814,0.9065311546692101,,,
jSO,10,8,16,2026320815,0.2543007810149902,,,
jSO,10,8,17,2026320816,0.24766879811568288,,,
jSO,10,8,18,2026320817,0.1586161372274546,,,
jSO,10,8,19,2026320818,0.19748159339314952,,,
jSO,10,8,20,2026320819,0.15285909059957703,,,
jSO,10,8,21,2026320820,0.1089977829929012,,,
jSO,10,8,22,2026320821,0.18137292224037083,,,
jSO,10,8,23,2026320822,0.2716779588195095,,,
jSO,10,8,24,2026320823,0.1429941957048868,,,
jSO,10,8,25,2026320824,0.8291796184498708,,,
jSO,10,8,26,2026320825,0.07814461021371244,,,
jSO,10,8,27,2026320826,0.08905531446953319,,,
jSO,10,8,28,2026320827,0.38266726059828216,,,
jSO,10,8,29,2026320828,0.1704195620077371,,,
jSO,10,8,30,2026320829,0.1389295396224952,,,
jSO,10,9,1,2026320900,229.2843827084871,,,
jSO,10,9,2,2026320901,229.2843827084871,,,
jSO,10,9,3,2026320902,229.2843827084871,,,
jSO,10,9,4,2026320903,229.2843827084871,,,
jSO,10,9,5,2026320904,229.2843827084871,,,
jSO,10,9,6,2026320905,229.2843827084871,,,
jSO,10,9,7,2026320906,229.2843827084871,,,
jSO,10,9,8,2026320907,229.2843827084871,,,
jSO,10,9,9,2026320908,229.2843827084871,,,
jSO,10,9,10,2026320909,229.2843827084871,,,
jSO,10,9,11,2026320910,229.2843827084871,,,
jSO,10,9,12,2026320911,229.2843827084871,,,
jSO,10,9,13,2026320912,229.2843827084871,,,
jSO,10,9,14,2026320913,229.2843827084871,,,
jSO,10,9,15,2026320914,229.2843827084871,,,
jSO,10,9,16,2026320915,229.2843827084871,,,
jSO,10,9,17,2026320916,229.2843827084871,,,
jSO,10,9,18,2026320917,229.2843827084871,,,
jSO,10,9,19,2026320918,229.2843827084871,,,
jSO,10,9,20,2026320919,229.2843827084871,,,
jSO,10,9,21,2026320920,229.2843827084871,,,
jSO,10,9,22,2026320921,229.2843827084871,,,
jSO,10,9,23,2026320922,229.2843827084871,,,
jSO,10,9,24,2026320923,229.2843827084871,,,
jSO,10,9,25,2026320924,229.2843827084871,,,
jSO,10,9,26,2026320925,229.2843827084871,,,
jSO,10,9,27,2026320926,229.2843827084871,,,
jSO,10,9,28,2026320927,229.2843827084871,,,
jSO,10,9,29,2026320928,229.2843827084871,,,
jSO,10,9,30,2026320929,229.2843827084871,,,
jSO,10,10,1,2026321000,100.12047652014871,,,
jSO,10,10,2,2026321001,100.17523014300923,,,
jSO,10,10,3,2026321002,100.15270007690606,,,
jSO,10,10,4,2026321003,100.1355883633305,,,
jSO,10,10,5,2026321004,100.13018333967739,,,
jSO,10,10,6,2026321005,100.16637312544117,,,
jSO,10,10,7,2026321006,100.15955914571532,,,
jSO,10,10,8,2026321007,100.20026274914972,,,
jSO,10,10,9,2026321008,100.16130879769435,,,
jSO,10,10,10,2026321009,100.16400505786487,,,
jSO,10,10,11,2026321010,100.21686322870664,,,
jSO,10,10,12,2026321011,100.1373776936407,,,
jSO,10,10,13,2026321012,100.18013743459369,,,
jSO,10,10,14,2026321013,100.10405439925307,,,
jSO,10,10,15,2026321014,100.17427686391056,,,
jSO,10,10,16,2026321015,100.14428744891666,,,
jSO,10,10,17,2026321016,100.16809519583194,,,
jSO,10,10,18,2026321017,100.13723958209312,,,
jSO,10,10,19,2026321018,100.15585357396822,,,
jSO,10,10,20,2026321019,100.15421258253991,,,
jSO,10,10,21,2026321020,100.10437876332298,,,
jSO,10,10,22,2026321021,100.15796875580236,,,
jSO,10,10,23,2026321022,100.14650322980879,,,
jSO,10,10,24,2026321023,100.12600978274122,,,
jSO,10,10,25,2026321024,100.13886812472356,,,
jSO,10,10,26,2026321025,100.1619999717409,,,
jSO,10,10,27,2026321026,100.18733517123155,,,
jSO,10,10,28,2026321027,100.13319286783008,,,
jSO,10,10,29,2026321028,100.16707659411804,,,
jSO,10,10,30,2026321029,100.16323503149533,,,
jSO,10,11,1,2026321100,0,,,
jSO,10,11,2,2026321101,0,,,
jSO,10,11,3,2026321102,0,,,
jSO,10,11,4,2026321103,0,,,
jSO,10,11,5,2026321104,0,,,
jSO,10,11,6,2026321105,0,,,
jSO,10,11,7,2026321106,0,,,
jSO,10,11,8,2026321107,0,,,
jSO,10,11,9,2026321108,0,,,
jSO,10,11,10,2026321109,0,,,
jSO,10,11,11,2026321110,0,,,
jSO,10,11,12,2026321111,0,,,
jSO,10,11,13,2026321112,0,,,
jSO,10,11,14,2026321113,0,,,
jSO,10,11,15,2026321114,0,,,
jSO,10,11,16,2026321115,0,,,
jSO,10,11,17,2026321116,0,,,
jSO,10,11,18,2026321117,0,,,
jSO,10,11,19,2026321118,0,,,
jSO,10,11,20,2026321119,0,,,
jSO,10,11,21,2026321120,0,,,
jSO,10,11,22,2026321121,0,,,
jSO,10,11,23,2026321122,0,,,
jSO,10,11,24,2026321123,0,,,
jSO,10,11,25,2026321124,0,,,
jSO,10,11,26,2026321125,0,,,
jSO,10,11,27,2026321126,0,,,
jSO,10,11,28,2026321127,0,,,
jSO,10,11,29,2026321128,0,,,
jSO,10,11,30,2026321129,0,,,
jSO,10,12,1,2026321200,164.92194156800042,,,
jSO,10,12,2,2026321201,159.36873363703762,,,
jSO,10,12,3,2026321202,162.70013053532875,,,
jSO,10,12,4,2026321203,164.9310079029069,,,
jSO,10,12,5,2026321204,162.70013053532875,,,
jSO,10,12,6,2026321205,162.70013053532875,,,
jSO,10,12,7,2026321206,162.70013053532875,,,
jSO,10,12,8,2026321207,162.70013053532875,,,
jSO,10,12,9,2026321208,164.9310079029069,,,
jSO,10,12,10,2026321209,162.70013053532875,,,
jSO,10,12,11,2026321210,162.70013053532875,,,
jSO,10,12,12,2026321211,162.70013053532875,,,
jSO,10,12,13,2026321212,162.70013053532875,,,
jSO,10,12,14,2026321213,163.51609650187265,,,
jSO,10,12,15,2026321214,162.70013053532875,,,
jSO,10,12,16,2026321215,164.93100790290737,,,
jSO,10,12,17,2026321216,162.70013053532875,,,
jSO,10,12,18,2026321217,162.70013053532875,,,
jSO,10,12,19,2026321218,163.51609650187265,,,
jSO,10,12,20,2026321219,164.9310079029069,,,
jSO,10,12,21,2026321220,164.93100790290737,,,
jSO,10,12,22,2026321221,162.70013053532875,,,
jSO,10,12,23,2026321222,162.70013053532875,,,
jSO,10,12,24,2026321223,162.70013053532875,,,
jSO,10,12,25,2026321224,162.70013053532875,,,
jSO,10,12,26,2026321225,162.70013053532875,,,
jSO,10,12,27,2026321226,162.70013053532875,,,
jSO,10,12,28,2026321227,162.70013053532875,,,
jSO,10,12,29,2026321228,162.70013053532875,,,
jSO,10,12,30,2026321229,162.70013053532875,,,
jSO,20,1,1,2026420100,0,,,
jSO,20,1,2,2026420101,0,,,
jSO,20,1,3,2026420102,0,,,
jSO,20,1,4,2026420103,0,,,
jSO,20,1,5,2026420104,0,,,
jSO,20,1,6,2026420105,0,,,
jSO,20,1,7,2026420106,0,,,
jSO,20,1,8,2026420107,0,,,
jSO,20,1,9,2026420108,0,,,
jSO,20,1,10,2026420109,0,,,
jSO,20,1,11,2026420110,0,,,
jSO,20,1,12,2026420111,0,,,
jSO,20,1,13,2026420112,0,,,
jSO,20,1,14,2026420113,0,,,
jSO,20,1,15,2026420114,0,,,
jSO,20,1,16,2026420115,0,,,
jSO,20,1,17,2026420116,0,,,
jSO,20,1,18,2026420117,0,,,
jSO,20,1,19,2026420118,0,,,
jSO,20,1,20,2026420119,0,,,
jSO,20,1,21,2026420120,0,,,
jSO,20,1,22,2026420121,0,,,
jSO,20,1,23,2026420122,0,,,
jSO,20,1,24,2026420123,0,,,
jSO,20,1,25,2026420124,0,,,
jSO,20,1,26,2026420125,0,,,
jSO,20,1,27,2026420126,0,,,
jSO,20,1,28,2026420127,0,,,
jSO,20,1,29,2026420128,0,,,
jSO,20,1,30,2026420129,0,,,
jSO,20,2,1,2026420200,49.08447897948116,,,
jSO,20,2,2,2026420201,44.89546931745127,,,
jSO,20,2,3,2026420202,44.89546931745127,,,
jSO,20,2,4,2026420203,44.89546931745127,,,
jSO,20,2,5,2026420204,44.89546931745127,,,
jSO,20,2,6,2026420205,44.89546931745127,,,
jSO,20,2,7,2026420206,44.89546931745127,,,
jSO,20,2,8,2026420207,44.89546931745127,,,
jSO,20,2,9,2026420208,44.89546931745127,,,
jSO,20,2,10,2026420209,49.08447897948116,,,
jSO,20,2,11,2026420210,49.08447897948116,,,
jSO,20,2,12,2026420211,44.895469317451216,,,
jSO,20,2,13,2026420212,49.08447897948116,,,
jSO,20,2,14,2026420213,49.08447897948116,,,
jSO,20,2,15,2026420214,44.89546931745127,,,
jSO,20,2,16,2026420215,49.08447897948116,,,
jSO,20,2,17,2026420216,44.89546931745127,,,
jSO,20,2,18,2026420217,49.08447897948116,,,
jSO,20,2,19,2026420218,49.08447897948116,,,
jSO,20,2,20,2026420219,49.08447897948116,,,
jSO,20,2,21,2026420220,49.08447897948116,,,
jSO,20,2,22,2026420221,44.89546931745127,,,
jSO,20,2,23,2026420222,44.89546931745127,,,
jSO,20,2,24,2026420223,44.89546931745127,,,
jSO,20,2,25,2026420224,44.89546931745127,,,
jSO,20,2,26,2026420225,44.89546931745127,,,
jSO,20,2,27,2026420226,44.895469317451216,,,
jSO,20,2,28,2026420227,49.08447897948116,,,
jSO,20,2,29,2026420228,44.89546931745127,,,
jSO,20,2,30,2026420229,49.08447897948116,,,
jSO,20,3,1,2026420300,0,,,
jSO,20,3,2,2026420301,0,,,
jSO,20,3,3,2026420302,0,,,
jSO,20,3,4,2026420303,0,,,
jSO,20,3,5,2026420304,0,,,
jSO,20,3,6,2026420305,0,,,
jSO,20,3,7,2026420306,0,,,
jSO,20,3,8,2026420307,0,,,
jSO,20,3,9,2026420308,0,,,
jSO,20,3,10,2026420309,0,,,
jSO,20,3,11,2026420310,0,,,
jSO,20,3,12,2026420311,0,,,
jSO,20,3,13,2026420312,0,,,
jSO,20,3,14,2026420313,0,,,
jSO,20,3,15,2026420314,0,,,
jSO,20,3,16,2026420315,0,,,
jSO,20,3,17,2026420316,0,,,
jSO,20,3,18,2026420317,0,,,
jSO,20,3,19,2026420318,0,,,
jSO,20,3,20,2026420319,0,,,
jSO,20,3,21,2026420320,0,,,
jSO,20,3,22,2026420321,0,,,
jSO,20,3,23,2026420322,0,,,
jSO,20,3,24,2026420323,0,,,
jSO,20,3,25,2026420324,0,,,
jSO,20,3,26,2026420325,0,,,
jSO,20,3,27,2026420326,0,,,
jSO,20,3,28,2026420327,0,,,
jSO,20,3,29,2026420328,0,,,
jSO,20,3,30,2026420329,0,,,
jSO,20,4,1,2026420400,5.969754342559781,,,
jSO,20,4,2,2026420401,5.969754342559781,,,
jSO,20,4,3,2026420402,5.969754342559781,,,
jSO,20,4,4,2026420403,6.964713399653078,,,
jSO,20,4,5,2026420404,4.9747952854664845,,,
jSO,20,4,6,2026420405,6.964713399653078,,,
jSO,20,4,7,2026420406,6.964713399653078,,,
jSO,20,4,8,2026420407,4.9747952854664845,,,
jSO,20,4,9,2026420408,6.964713399653078,,,
jSO,20,4,10,2026420409,7.959672456746375,,,
jSO,20,4,11,2026420410,7.959672456746375,,,
jSO,20,4,12,2026420411,6.964713399653078,,,
jSO,20,4,13,2026420412,6.964713399653078,,,
jSO,20,4,14,2026420413,6.964713399653078,,,
jSO,20,4,15,2026420414,6.964713399653078,,,
jSO,20,4,16,2026420415,7.959672456746375,,,
jSO,20,4,17,2026420416,5.969754342559781,,,
jSO,20,4,18,2026420417,5.969754342559781,,,
jSO,20,4,19,2026420418,5.969754342559781,,,
jSO,20,4,20,2026420419,6.964713399653078,,,
jSO,20,4,21,2026420420,3.9798362283731876,,,
jSO,20,4,22,2026420421,6.964713399653078,,,
jSO,20,4,23,2026420422,5.969754342559781,,,
jSO,20,4,24,2026420423,5.969754342559781,,,
jSO,20,4,25,2026420424,3.9798362283731876,,,
jSO,20,4,26,2026420425,5.969754342559781,,,
jSO,20,4,27,2026420426,6.964713399653078,,,
jSO,20,4,28,2026420427,6.964713399653078,,,
jSO,20,4,29,2026420428,5.969754342559781,,,
jSO,20,4,30,2026420429,5.969754342559781,,,
jSO,20,5,1,2026420500,0,,,
jSO,20,5,2,2026420501,0,,,
jSO,20,5,3,2026420502,0,,,
jSO,20,5,4,2026420503,0,,,
jSO,20,5,5,2026420504,0,,,
jSO,20,5,6,2026420505,0,,,
jSO,20,5,7,2026420506,0,,,
jSO,20,5,8,2026420507,0,,,
jSO,20,5,9,2026420508,0,,,
jSO,20,5,10,2026420509,0,,,
jSO,20,5,11,2026420510,0,,,
jSO,20,5,12,2026420511,0,,,
jSO,20,5,13,2026420512,0,,,
jSO,20,5,14,2026420513,0,,,
jSO,20,5,15,2026420514,0,,,
jSO,20,5,16,2026420515,0,,,
jSO,20,5,17,2026420516,0,,,
jSO,20,5,18,2026420517,0,,,
jSO,20,5,19,2026420518,0,,,
jSO,20,5,20,2026420519,0,,,
jSO,20,5,21,2026420520,0,,,
jSO,20,5,22,2026420521,0,,,
jSO,20,5,23,2026420522,0,,,
jSO,20,5,24,2026420523,0,,,
jSO,20,5,25,2026420524,0,,,
jSO,20,5,26,2026420525,0,,,
jSO,20,5,27,2026420526,0,,,
jSO,20,5,28,2026420527,0,,,
jSO,20,5,29,2026420528,0,,,
jSO,20,5,30,2026420529,0,,,
jSO,20,6,1,2026420600,0.453288717992109,,,
jSO,20,6,2,2026420601,0.49954324685199936,,,
jSO,20,6,3,2026420602,0.4952349734910513,,,
jSO,20,6,4,2026420603,0.4994822903538534,,,
jSO,20,6,5,2026420604,0.4042007663745153,,,
jSO,20,6,6,2026420605,0.4937515188796624,,,
jSO,20,6,7,2026420606,0.4999997915751919,,,
jSO,20,6,8,2026420607,0.4940458247549486,,,
jSO,20,6,9,2026420608,0.4645682665775439,,,
jSO,20,6,10,2026420609,0.4904026139731741,,,
jSO,20,6,11,2026420610,0.4999890364249495,,,
jSO,20,6,12,2026420611,0.4652745185042022,,,
jSO,20,6,13,2026420612,0.49334430371209237,,,
jSO,20,6,14,2026420613,0.48612208572353666,,,
jSO,20,6,15,2026420614,0.4760075222659452,,,
jSO,20,6,16,2026420615,0.4482988467393625,,,
jSO,20,6,17,2026420616,0.4980043710525024,,,
jSO,20,6,18,2026420617,0.49828190447351517,,,
jSO,20,6,19,2026420618,0.35882789989113917,,,
jSO,20,6,20,2026420619,0.4999589616645608,,,
jSO,20,6,21,2026420620,0.49999577900234726,,,
jSO,20,6,22,2026420621,0.49798478051047823,,,
jSO,20,6,23,2026420622,0.4917773779761774,,,
jSO,20,6,24,2026420623,0.4999799352781338,,,
jSO,20,6,25,2026420624,0.47747232624260505,,,
jSO,20,6,26,2026420625,0.42428806989050827,,,
jSO,20,6,27,2026420626,0.4999999153587851,,,
jSO,20,6,28,2026420627,0.499999999998181,,,
jSO,20,6,29,2026420628,0.48996117183719434,,,
jSO,20,6,30,2026420629,0.49163620556282694,,,
jSO,20,7,1,2026420700,2.343794659103878,,,
jSO,20,7,2,2026420701,0.3142042126467004,,,
jSO,20,7,3,2026420702,0.34840198202505235,,,
jSO,20,7,4,2026420703,2.302104927384562,,,
jSO,20,7,5,2026420704,4.3704224689493,,,
jSO,20,7,6,2026420705,2.302091370224616,,,
jSO,20,7,7,2026420706,2.3021051257899217,,,
jSO,20,7,8,2026420707,4.604182740346005,,,
jSO,20,7,9,2026420708,1.6193191312643194,,,
jSO,20,7,10,2026420709,20.369671248664645,,,
jSO,20,7,11,2026420710,0.9949726468619247,,,
jSO,20,7,12,2026420711,1.75970282548883,,,
jSO,20,7,13,2026420712,1.6193090654087428,,,
jSO,20,7,14,2026420713,2.6142646261500886,,,
jSO,20,7,15,2026420714,2.3771114565047355,,,
jSO,20,7,16,2026420715,3.0388758898341166,,,
jSO,20,7,17,2026420716,5.599136760190731,,,
jSO,20,7,18,2026420717,2.650493363864598,,,
jSO,20,7,19,2026420718,2.8121209451860523,,,
jSO,20,7,20,2026420719,1.6334826965810407,,,
jSO,20,7,21,2026420720,5.2869635039673994,,,
jSO,20,7,22,2026420721,3.9798498259106054,,,
jSO,20,7,23,2026420722,20.040022925128596,,,
jSO,20,7,24,2026420723,3.8070699877287097,,,
jSO,20,7,25,2026420724,1.3071458880740465,,,
jSO,20,7,26,2026420725,2.3148963496485067,,,
jSO,20,7,27,2026420726,1.6213922489018842,,,
jSO,20,7,28,2026420727,2.3020913706409374,,,
jSO,20,7,29,2026420728,1.073368898699755,,,
jSO,20,7,30,2026420729,5.287083053786773,,,
jSO,20,8,1,2026420800,0.31499717596989285,,,
jSO,20,8,2,2026420801,20.402785104148734,,,
jSO,20,8,3,2026420802,0.21412261325212967,,,
jSO,20,8,4,2026420803,19.25767242321581,,,
jSO,20,8,5,2026420804,18.72030660834662,,,
jSO,20,8,6,2026420805,20.532971013463793,,,
jSO,20,8,7,2026420806,20.26664472409584,,,
jSO,20,8,8,2026420807,20.33606203231284,,,
jSO,20,8,9,2026420808,13.929157500233941,,,
jSO,20,8,10,2026420809,19.020587931501268,,,
jSO,20,8,11,2026420810,19.786233152650766,,,
jSO,20,8,12,2026420811,15.665386478552136,,,
jSO,20,8,13,2026420812,3.081661752670243,,,
jSO,20,8,14,2026420813,20.66557912427743,,,
jSO,20,8,15,2026420814,0.305238225431367,,,
jSO,20,8,16,2026420815,20.21091925585324,,,
jSO,20,8,17,2026420816,20.241678114371098,,,
jSO,20,8,18,2026420817,20.45900547297242,,,
jSO,20,8,19,2026420818,7.089168268053072,,,
jSO,20,8,20,2026420819,7.1249061874927975,,,
jSO,20,8,21,2026420820,12.187084089430755,,,
jSO,20,8,22,2026420821,20.168734728061736,,,
jSO,20,8,23,2026420822,0.7499045242220745,,,
jSO,20,8,24,2026420823,20.54196757094951,,,
jSO,20,8,25,2026420824,20.366800911090195,,,
jSO,20,8,26,2026420825,15.812799696593629,,,
jSO,20,8,27,2026420826,20.547677213026873,,,
jSO,20,8,28,2026420827,20.464238939387542,,,
jSO,20,8,29,2026420828,20.266432871298093,,,
jSO,20,8,30,2026420829,20.439821511416085,,,
jSO,20,9,1,2026420900,180.78127167774664,,,
jSO,20,9,2,2026420901,180.78127167774664,,,
jSO,20,9,3,2026420902,180.78127167774664,,,
jSO,20,9,4,2026420903,180.78127167774664,,,
jSO,20,9,5,2026420904,180.78127167774664,,,
jSO,20,9,6,2026420905,180.78127167774664,,,
jSO,20,9,7,2026420906,180.78127167774664,,,
jSO,20,9,8,2026420907,180.78127167774664,,,
jSO,20,9,9,2026420908,180.78127167774664,,,
jSO,20,9,10,2026420909,180.78127167774664,,,
jSO,20,9,11,2026420910,180.78127167774664,,,
jSO,20,9,12,2026420911,180.78127167774664,,,
jSO,20,9,13,2026420912,180.78127167774664,,,
jSO,20,9,14,2026420913,180.78127167774664,,,
jSO,20,9,15,2026420914,180.78127167774664,,,
jSO,20,9,16,2026420915,180.78127167774664,,,
jSO,20,9,17,2026420916,180.78127167774664,,,
jSO,20,9,18,2026420917,180.78127167774664,,,
jSO,20,9,19,2026420918,180.78127167774664,,,
jSO,20,9,20,2026420919,180.78127167774664,,,
jSO,20,9,21,2026420920,180.78127167774664,,,
jSO,20,9,22,2026420921,180.78127167774664,,,
jSO,20,9,23,2026420922,180.78127167774664,,,
jSO,20,9,24,2026420923,180.78127167774664,,,
jSO,20,9,25,2026420924,180.78127167774664,,,
jSO,20,9,26,2026420925,180.78127167774664,,,
jSO,20,9,27,2026420926,180.78127167774664,,,
jSO,20,9,28,2026420927,180.78127167774664,,,
jSO,20,9,29,2026420928,180.78127167774664,,,
jSO,20,9,30,2026420929,180.78127167774664,,,
jSO,20,10,1,2026421000,100.19390087944294,,,
jSO,20,10,2,2026421001,100.23086516378407,,,
jSO,20,10,3,2026421002,100.1905049415368,,,
jSO,20,10,4,2026421003,100.23442896257393,,,
jSO,20,10,5,2026421004,100.1959913369351,,,
jSO,20,10,6,2026421005,100.21800601038512,,,
jSO,20,10,7,2026421006,100.2338435590882,,,
jSO,20,10,8,2026421007,100.214813513237,,,
jSO,20,10,9,2026421008,100.23598684199942,,,
jSO,20,10,10,2026421009,100.22752435269103,,,
jSO,20,10,11,2026421010,100.22262194382847,,,
jSO,20,10,12,2026421011,100.21516073529392,,,
jSO,20,10,13,2026421012,100.23121704678033,,,
jSO,20,10,14,2026421013,100.24549697669227,,,
jSO,20,10,15,2026421014,100.24662483584007,,,
jSO,20,10,16,2026421015,100.24894115835104,,,
jSO,20,10,17,2026421016,100.21791486857501,,,
jSO,20,10,18,2026421017,100.21377391656551,,,
jSO,20,10,19,2026421018,100.21776802057775,,,
jSO,20,10,20,2026421019,100.24189816727721,,,
jSO,20,10,21,2026421020,100.23769938750775,,,
jSO,20,10,22,2026421021,100.21827131620421,,,
jSO,20,10,23,2026421022,100.21915961878358,,,
jSO,20,10,24,2026421023,100.26139169698808,,,
jSO,20,10,25,2026421024,100.22009417021536,,,
jSO,20,10,26,2026421025,100.24037477497677,,,
jSO,20,10,27,2026421026,100.23832440101842,,,
jSO,20,10,28,2026421027,100.24276128321071,,,
jSO,20,10,29,2026421028,100.28270747131,,,
jSO,20,10,30,2026421029,100.25964316522095,,,
jSO,20,11,1,2026421100,300,,,
jSO,20,11,2,2026421101,300,,,
jSO,20,11,3,2026421102,300,,,
jSO,20,11,4,2026421103,300,,,
jSO,20,11,5,2026421104,300,,,
jSO,20,11,6,2026421105,300,,,
jSO,20,11,7,2026421106,400.00000000000045,,,
jSO,20,11,8,2026421107,300,,,
jSO,20,11,9,2026421108,300,,,
jSO,20,11,10,2026421109,300,,,
jSO,20,11,11,2026421110,300,,,
jSO,20,11,12,2026421111,300,,,
jSO,20,11,13,2026421112,400.00000000000045,,,
jSO,20,11,14,2026421113,300,,,
jSO,20,11,15,2026421114,300,,,
jSO,20,11,16,2026421115,300,,,
jSO,20,11,17,2026421116,300,,,
jSO,20,11,18,2026421117,400.00000000000045,,,
jSO,20,11,19,2026421118,300,,,
jSO,20,11,20,2026421119,300,,,
jSO,20,11,21,2026421120,300,,,
jSO,20,11,22,2026421121,300,,,
jSO,20,11,23,2026421122,300,,,
jSO,20,11,24,2026421123,300,,,
jSO,20,11,25,2026421124,300.00000000000045,,,
jSO,20,11,26,2026421125,300,,,
jSO,20,11,27,2026421126,300,,,
jSO,20,11,28,2026421127,300,,,
jSO,20,11,29,2026421128,300,,,
jSO,20,11,30,2026421129,300,,,
jSO,20,12,1,2026421200,231.7372246644395,,,
jSO,20,12,2,2026421201,230.8107189662901,,,
jSO,20,12,3,2026421202,232.49898605701992,,,
jSO,20,12,4,2026421203,232.2603145168,,,
jSO,20,12,5,2026421204,232.26031451679955,,,
jSO,20,12,6,2026421205,231.95063763325925,,,
jSO,20,12,7,2026421206,240.12225590524167,,,
jSO,20,12,8,2026421207,232.26031451679955,,,
jSO,20,12,9,2026421208,231.7372246644395,,,
jSO,20,12,10,2026421209,232.62389358923247,,,
jSO,20,12,11,2026421210,234.6658265894598,,,
jSO,20,12,12,2026421211,232.49898605701992,,,
jSO,20,12,13,2026421212,232.26031451679955,,,
jSO,20,12,14,2026421213,232.26031451679955,,,
jSO,20,12,15,2026421214,232.8443281178179,,,
jSO,20,12,16,2026421215,232.26031451679955,,,
jSO,20,12,17,2026421216,231.95063763325925,,,
jSO,20,12,18,2026421217,233.9839607382737,,,
jSO,20,12,19,2026421218,232.2603145168,,,
jSO,20,12,20,2026421219,231.2537611420821,,,
jSO,20,12,21,2026421220,232.26031451679955,,,
jSO,20,12,22,2026421221,231.95063763325925,,,
jSO,20,12,23,2026421222,231.95063763325925,,,
jSO,20,12,24,2026421223,232.2727237162726,,,
jSO,20,12,25,2026421224,233.9839607382737,,,
jSO,20,12,26,2026421225,233.47836329842767,,,
jSO,20,12,27,2026421226,233.9839607382737,,,
jSO,20,12,28,2026421227,232.2603145168,,,
jSO,20,12,29,2026421228,233.97430094618903,,,
jSO,20,12,30,2026421229,232.26031451679955,,,
L-SHADE-1.0.1,10,1,1,2026320100,0,,,
L-SHADE-1.0.1,10,1,2,2026320101,0,,,
L-SHADE-1.0.1,10,1,3,2026320102,0,,,
L-SHADE-1.0.1,10,1,4,2026320103,0,,,
L-SHADE-1.0.1,10,1,5,2026320104,0,,,
L-SHADE-1.0.1,10,1,6,2026320105,0,,,
L-SHADE-1.0.1,10,1,7,2026320106,0,,,
L-SHADE-1.0.1,10,1,8,2026320107,0,,,
L-SHADE-1.0.1,10,1,9,2026320108,0,,,
L-SHADE-1.0.1,10,1,10,2026320109,0,,,
L-SHADE-1.0.1,10,1,11,2026320110,0,,,
L-SHADE-1.0.1,10,1,12,2026320111,0,,,
L-SHADE-1.0.1,10,1,13,2026320112,0,,,
L-SHADE-1.0.1,10,1,14,2026320113,0,,,
L-SHADE-1.0.1,10,1,15,2026320114,0,,,
L-SHADE-1.0.1,10,1,16,2026320115,0,,,
L-SHADE-1.0.1,10,1,17,2026320116,0,,,
L-SHADE-1.0.1,10,1,18,2026320117,0,,,
L-SHADE-1.0.1,10,1,19,2026320118,0,,,
L-SHADE-1.0.1,10,1,20,2026320119,0,,,
L-SHADE-1.0.1,10,1,21,2026320120,0,,,
L-SHADE-1.0.1,10,1,22,2026320121,0,,,
L-SHADE-1.0.1,10,1,23,2026320122,0,,,
L-SHADE-1.0.1,10,1,24,2026320123,0,,,
L-SHADE-1.0.1,10,1,25,2026320124,0,,,
L-SHADE-1.0.1,10,1,26,2026320125,0,,,
L-SHADE-1.0.1,10,1,27,2026320126,0,,,
L-SHADE-1.0.1,10,1,28,2026320127,0,,,
L-SHADE-1.0.1,10,1,29,2026320128,0,,,
L-SHADE-1.0.1,10,1,30,2026320129,0,,,
L-SHADE-1.0.1,10,2,1,2026320200,3.986579112347158,,,
L-SHADE-1.0.1,10,2,2,2026320201,3.986579112347158,,,
L-SHADE-1.0.1,10,2,3,2026320202,3.986579112347158,,,
L-SHADE-1.0.1,10,2,4,2026320203,3.986579112347158,,,
L-SHADE-1.0.1,10,2,5,2026320204,3.986579112347158,,,
L-SHADE-1.0.1,10,2,6,2026320205,3.986579112347158,,,
L-SHADE-1.0.1,10,2,7,2026320206,3.986579112347158,,,
L-SHADE-1.0.1,10,2,8,2026320207,3.986579112347158,,,
L-SHADE-1.0.1,10,2,9,2026320208,3.986579112347158,,,
L-SHADE-1.0.1,10,2,10,2026320209,3.986579112347158,,,
L-SHADE-1.0.1,10,2,11,2026320210,3.986579112347158,,,
L-SHADE-1.0.1,10,2,12,2026320211,3.986579112347158,,,
L-SHADE-1.0.1,10,2,13,2026320212,3.986579112347158,,,
L-SHADE-1.0.1,10,2,14,2026320213,3.986579112347158,,,
L-SHADE-1.0.1,10,2,15,2026320214,3.986579112347158,,,
L-SHADE-1.0.1,10,2,16,2026320215,3.986579112347158,,,
L-SHADE-1.0.1,10,2,17,2026320216,3.986579112347158,,,
L-SHADE-1.0.1,10,2,18,2026320217,3.986579112347158,,,
L-SHADE-1.0.1,10,2,19,2026320218,3.986579112347158,,,
L-SHADE-1.0.1,10,2,20,2026320219,3.986579112347158,,,
L-SHADE-1.0.1,10,2,21,2026320220,3.986579112347158,,,
L-SHADE-1.0.1,10,2,22,2026320221,3.986579112347158,,,
L-SHADE-1.0.1,10,2,23,2026320222,8.916101927781312,,,
L-SHADE-1.0.1,10,2,24,2026320223,3.986579112347158,,,
L-SHADE-1.0.1,10,2,25,2026320224,8.916101927781312,,,
L-SHADE-1.0.1,10,2,26,2026320225,3.986579112347158,,,
L-SHADE-1.0.1,10,2,27,2026320226,3.986579112347158,,,
L-SHADE-1.0.1,10,2,28,2026320227,3.986579112347158,,,
L-SHADE-1.0.1,10,2,29,2026320228,3.986579112347158,,,
L-SHADE-1.0.1,10,2,30,2026320229,3.986579112347158,,,
L-SHADE-1.0.1,10,3,1,2026320300,0,,,
L-SHADE-1.0.1,10,3,2,2026320301,0,,,
L-SHADE-1.0.1,10,3,3,2026320302,0,,,
L-SHADE-1.0.1,10,3,4,2026320303,0,,,
L-SHADE-1.0.1,10,3,5,2026320304,0,,,
L-SHADE-1.0.1,10,3,6,2026320305,0,,,
L-SHADE-1.0.1,10,3,7,2026320306,0,,,
L-SHADE-1.0.1,10,3,8,2026320307,0,,,
L-SHADE-1.0.1,10,3,9,2026320308,0,,,
L-SHADE-1.0.1,10,3,10,2026320309,0,,,
L-SHADE-1.0.1,10,3,11,2026320310,0,,,
L-SHADE-1.0.1,10,3,12,2026320311,0,,,
L-SHADE-1.0.1,10,3,13,2026320312,0,,,
L-SHADE-1.0.1,10,3,14,2026320313,0,,,
L-SHADE-1.0.1,10,3,15,2026320314,0,,,
L-SHADE-1.0.1,10,3,16,2026320315,0,,,
L-SHADE-1.0.1,10,3,17,2026320316,0,,,
L-SHADE-1.0.1,10,3,18,2026320317,0,,,
L-SHADE-1.0.1,10,3,19,2026320318,0,,,
L-SHADE-1.0.1,10,3,20,2026320319,0,,,
L-SHADE-1.0.1,10,3,21,2026320320,0,,,
L-SHADE-1.0.1,10,3,22,2026320321,0,,,
L-SHADE-1.0.1,10,3,23,2026320322,0,,,
L-SHADE-1.0.1,10,3,24,2026320323,0,,,
L-SHADE-1.0.1,10,3,25,2026320324,0,,,
L-SHADE-1.0.1,10,3,26,2026320325,0,,,
L-SHADE-1.0.1,10,3,27,2026320326,0,,,
L-SHADE-1.0.1,10,3,28,2026320327,0,,,
L-SHADE-1.0.1,10,3,29,2026320328,0,,,
L-SHADE-1.0.1,10,3,30,2026320329,0,,,
L-SHADE-1.0.1,10,4,1,2026320400,2.984910004450626,,,
L-SHADE-1.0.1,10,4,2,2026320401,2.984942610019175,,,
L-SHADE-1.0.1,10,4,3,2026320402,2.984914753384487,,,
L-SHADE-1.0.1,10,4,4,2026320403,2.985049664057101,,,
L-SHADE-1.0.1,10,4,5,2026320404,1.9899942164720414,,,
L-SHADE-1.0.1,10,4,6,2026320405,2.9849239352097356,,,
L-SHADE-1.0.1,10,4,7,2026320406,1.9900822111312664,,,
L-SHADE-1.0.1,10,4,8,2026320407,1.9899570846024517,,,
L-SHADE-1.0.1,10,4,9,2026320408,2.9848771712798907,,,
L-SHADE-1.0.1,10,4,10,2026320409,2.9848771712798907,,,
L-SHADE-1.0.1,10,4,11,2026320410,2.9850038426061474,,,
L-SHADE-1.0.1,10,4,12,2026320411,2.984923671009824,,,
L-SHADE-1.0.1,10,4,13,2026320412,2.984905108990347,,,
L-SHADE-1.0.1,10,4,14,2026320413,2.9850363694403086,,,
L-SHADE-1.0.1,10,4,15,2026320414,2.9849349781684396,,,
L-SHADE-1.0.1,10,4,16,2026320415,2.9849235761473665,,,
L-SHADE-1.0.1,10,4,17,2026320416,3.9798362283731876,,,
L-SHADE-1.0.1,10,4,18,2026320417,2.9849162036604184,,,
L-SHADE-1.0.1,10,4,19,2026320418,1.9899257866476319,,,
L-SHADE-1.0.1,10,4,20,2026320419,2.9849736880619275,,,
L-SHADE-1.0.1,10,4,21,2026320420,3.9798362283731876,,,
L-SHADE-1.0.1,10,4,22,2026320421,2.985325695008328,,,
L-SHADE-1.0.1,10,4,23,2026320422,1.9899365875260173,,,
L-SHADE-1.0.1,10,4,24,2026320423,0.9952020886393029,,,
L-SHADE-1.0.1,10,4,25,2026320424,2.9849122905825425,,,
L-SHADE-1.0.1,10,4,26,2026320425,2.9848778160580878,,,
L-SHADE-1.0.1,10,4,27,2026320426,1.9900444444330105,,,
L-SHADE-1.0.1,10,4,28,2026320427,3.9798362283731876,,,
L-SHADE-1.0.1,10,4,29,2026320428,2.9848812471311703,,,
L-SHADE-1.0.1,10,4,30,2026320429,2.984893067862572,,,
L-SHADE-1.0.1,10,5,1,2026320500,0,,,
L-SHADE-1.0.1,10,5,2,2026320501,0,,,
L-SHADE-1.0.1,10,5,3,2026320502,0,,,
L-SHADE-1.0.1,10,5,4,2026320503,0,,,
L-SHADE-1.0.1,10,5,5,2026320504,0,,,
L-SHADE-1.0.1,10,5,6,2026320505,0,,,
L-SHADE-1.0.1,10,5,7,2026320506,0,,,
L-SHADE-1.0.1,10,5,8,2026320507,0,,,
L-SHADE-1.0.1,10,5,9,2026320508,0,,,
L-SHADE-1.0.1,10,5,10,2026320509,0,,,
L-SHADE-1.0.1,10,5,11,2026320510,0,,,
L-SHADE-1.0.1,10,5,12,2026320511,0,,,
L-SHADE-1.0.1,10,5,13,2026320512,0,,,
L-SHADE-1.0.1,10,5,14,2026320513,0,,,
L-SHADE-1.0.1,10,5,15,2026320514,0,,,
L-SHADE-1.0.1,10,5,16,2026320515,0,,,
L-SHADE-1.0.1,10,5,17,2026320516,0,,,
L-SHADE-1.0.1,10,5,18,2026320517,0,,,
L-SHADE-1.0.1,10,5,19,2026320518,0,,,
L-SHADE-1.0.1,10,5,20,2026320519,0,,,
L-SHADE-1.0.1,10,5,21,2026320520,0,,,
L-SHADE-1.0.1,10,5,22,2026320521,0,,,
L-SHADE-1.0.1,10,5,23,2026320522,0,,,
L-SHADE-1.0.1,10,5,24,2026320523,0,,,
L-SHADE-1.0.1,10,5,25,2026320524,0,,,
L-SHADE-1.0.1,10,5,26,2026320525,0,,,
L-SHADE-1.0.1,10,5,27,2026320526,0,,,
L-SHADE-1.0.1,10,5,28,2026320527,0,,,
L-SHADE-1.0.1,10,5,29,2026320528,0,,,
L-SHADE-1.0.1,10,5,30,2026320529,0,,,
L-SHADE-1.0.1,10,6,1,2026320600,0.3070365811886404,,,
L-SHADE-1.0.1,10,6,2,2026320601,0.44743885994125776,,,
L-SHADE-1.0.1,10,6,3,2026320602,0.08061167118989943,,,
L-SHADE-1.0.1,10,6,4,2026320603,0.4719049024506603,,,
L-SHADE-1.0.1,10,6,5,2026320604,0.0679217425117713,,,
L-SHADE-1.0.1,10,6,6,2026320605,0.03695792963299027,,,
L-SHADE-1.0.1,10,6,7,2026320606,0.4684699548467961,,,
L-SHADE-1.0.1,10,6,8,2026320607,0.27520543141508824,,,
L-SHADE-1.0.1,10,6,9,2026320608,0.20272067032624363,,,
L-SHADE-1.0.1,10,6,10,2026320609,0.16459159167197868,,,
L-SHADE-1.0.1,10,6,11,2026320610,0.4819169164934465,,,
L-SHADE-1.0.1,10,6,12,2026320611,0.4161203832084084,,,
L-SHADE-1.0.1,10,6,13,2026320612,0.3986906945069677,,,
L-SHADE-1.0.1,10,6,14,2026320613,0.4158441161969222,,,
L-SHADE-1.0.1,10,6,15,2026320614,0.005032882048908505,,,
L-SHADE-1.0.1,10,6,16,2026320615,0.39853830991705763,,,
L-SHADE-1.0.1,10,6,17,2026320616,0.19640368254977147,,,
L-SHADE-1.0.1,10,6,18,2026320617,0.39372663602375724,,,
L-SHADE-1.0.1,10,6,19,2026320618,0.4720427311210642,,,
L-SHADE-1.0.1,10,6,20,2026320619,0.46679355988567295,,,
L-SHADE-1.0.1,10,6,21,2026320620,0.3600125695472798,,,
L-SHADE-1.0.1,10,6,22,2026320621,0.4912715245122854,,,
L-SHADE-1.0.1,10,6,23,2026320622,0.33530734265491446,,,
L-SHADE-1.0.1,10,6,24,2026320623,0.2261121289836865,,,
L-SHADE-1.0.1,10,6,25,2026320624,0.43010285482341715,,,
L-SHADE-1.0.1,10,6,26,2026320625,0.39772307686052955,,,
L-SHADE-1.0.1,10,6,27,2026320626,0.44893738691962426,,,
L-SHADE-1.0.1,10,6,28,2026320627,0.4977494039405883,,,
L-SHADE-1.0.1,10,6,29,2026320628,0.17647256571353864,,,
L-SHADE-1.0.1,10,6,30,2026320629,0.36423742142164883,,,
L-SHADE-1.0.1,10,7,1,2026320700,0,,,
L-SHADE-1.0.1,10,7,2,2026320701,0,,,
L-SHADE-1.0.1,10,7,3,2026320702,0,,,
L-SHADE-1.0.1,10,7,4,2026320703,0,,,
L-SHADE-1.0.1,10,7,5,2026320704,0,,,
L-SHADE-1.0.1,10,7,6,2026320705,0,,,
L-SHADE-1.0.1,10,7,7,2026320706,0,,,
L-SHADE-1.0.1,10,7,8,2026320707,0,,,
L-SHADE-1.0.1,10,7,9,2026320708,0,,,
L-SHADE-1.0.1,10,7,10,2026320709,0,,,
L-SHADE-1.0.1,10,7,11,2026320710,0,,,
L-SHADE-1.0.1,10,7,12,2026320711,0,,,
L-SHADE-1.0.1,10,7,13,2026320712,0,,,
L-SHADE-1.0.1,10,7,14,2026320713,0,,,
L-SHADE-1.0.1,10,7,15,2026320714,0,,,
L-SHADE-1.0.1,10,7,16,2026320715,0,,,
L-SHADE-1.0.1,10,7,17,2026320716,0,,,
L-SHADE-1.0.1,10,7,18,2026320717,1.8676973922993056e-7,,,
L-SHADE-1.0.1,10,7,19,2026320718,0,,,
L-SHADE-1.0.1,10,7,20,2026320719,0,,,
L-SHADE-1.0.1,10,7,21,2026320720,0,,,
L-SHADE-1.0.1,10,7,22,2026320721,0,,,
L-SHADE-1.0.1,10,7,23,2026320722,0,,,
L-SHADE-1.0.1,10,7,24,2026320723,0,,,
L-SHADE-1.0.1,10,7,25,2026320724,0,,,
L-SHADE-1.0.1,10,7,26,2026320725,0,,,
L-SHADE-1.0.1,10,7,27,2026320726,0,,,
L-SHADE-1.0.1,10,7,28,2026320727,0,,,
L-SHADE-1.0.1,10,7,29,2026320728,0,,,
L-SHADE-1.0.1,10,7,30,2026320729,0,,,
L-SHADE-1.0.1,10,8,1,2026320800,1.0725942407598268,,,
L-SHADE-1.0.1,10,8,2,2026320801,0.5880397011724199,,,
L-SHADE-1.0.1,10,8,3,2026320802,4.580045301779592,,,
L-SHADE-1.0.1,10,8,4,2026320803,1.1005656984639245,,,
L-SHADE-1.0.1,10,8,5,2026320804,0.4188203584189978,,,
L-SHADE-1.0.1,10,8,6,2026320805,0.5968342871660752,,,
L-SHADE-1.0.1,10,8,7,2026320806,0.1736716213958971,,,
L-SHADE-1.0.1,10,8,8,2026320807,0.3887233550235578,,,
L-SHADE-1.0.1,10,8,9,2026320808,0.5961013597616329,,,
L-SHADE-1.0.1,10,8,10,2026320809,6.821385497888514,,,
L-SHADE-1.0.1,10,8,11,2026320810,0.4325450440710483,,,
L-SHADE-1.0.1,10,8,12,2026320811,0.8688850226617433,,,
L-SHADE-1.0.1,10,8,13,2026320812,1.0691332993092146,,,
L-SHADE-1.0.1,10,8,14,2026320813,0.2768096522936503,,,
L-SHADE-1.0.1,10,8,15,2026320814,0.3568133390140247,,,
L-SHADE-1.0.1,10,8,16,2026320815,0.26981868786879204,,,
L-SHADE-1.0.1,10,8,17,2026320816,0.2945268897233291,,,
L-SHADE-1.0.1,10,8,18,2026320817,0.2218400238580216,,,
L-SHADE-1.0.1,10,8,19,2026320818,0.41246217499838167,,,
L-SHADE-1.0.1,10,8,20,2026320819,0.3977167750631452,,,
L-SHADE-1.0.1,10,8,21,2026320820,0.24194329409283455,,,
L-SHADE-1.0.1,10,8,22,2026320821,0.9255292510010804,,,
L-SHADE-1.0.1,10,8,23,2026320822,0.2814132117960071,,,
L-SHADE-1.0.1,10,8,24,2026320823,0.33460938920916306,,,
L-SHADE-1.0.1,10,8,25,2026320824,0.6476915837320121,,,
L-SHADE-1.0.1,10,8,26,2026320825,2.8226218338913895,,,
L-SHADE-1.0.1,10,8,27,2026320826,0.32930176472154926,,,
L-SHADE-1.0.1,10,8,28,2026320827,0.8546343297643944,,,
L-SHADE-1.0.1,10,8,29,2026320828,4.184923733632786,,,
L-SHADE-1.0.1,10,8,30,2026320829,0.0984325200611238,,,
L-SHADE-1.0.1,10,9,1,2026320900,229.2843827084871,,,
L-SHADE-1.0.1,10,9,2,2026320901,229.2843827084871,,,
L-SHADE-1.0.1,10,9,3,2026320902,229.2843827084871,,,
L-SHADE-1.0.1,10,9,4,2026320903,229.2843827084871,,,
L-SHADE-1.0.1,10,9,5,2026320904,229.2843827084871,,,
L-SHADE-1.0.1,10,9,6,2026320905,229.2843827084871,,,
L-SHADE-1.0.1,10,9,7,2026320906,229.2843827084871,,,
L-SHADE-1.0.1,10,9,8,2026320907,229.2843827084871,,,
L-SHADE-1.0.1,10,9,9,2026320908,229.2843827084871,,,
L-SHADE-1.0.1,10,9,10,2026320909,229.2843827084871,,,
L-SHADE-1.0.1,10,9,11,2026320910,229.2843827084871,,,
L-SHADE-1.0.1,10,9,12,2026320911,229.2843827084871,,,
L-SHADE-1.0.1,10,9,13,2026320912,229.2843827084871,,,
L-SHADE-1.0.1,10,9,14,2026320913,229.2843827084871,,,
L-SHADE-1.0.1,10,9,15,2026320914,229.2843827084871,,,
L-SHADE-1.0.1,10,9,16,2026320915,229.2843827084871,,,
L-SHADE-1.0.1,10,9,17,2026320916,229.2843827084871,,,
L-SHADE-1.0.1,10,9,18,2026320917,229.2843827084871,,,
L-SHADE-1.0.1,10,9,19,2026320918,229.2843827084871,,,
L-SHADE-1.0.1,10,9,20,2026320919,229.2843827084871,,,
L-SHADE-1.0.1,10,9,21,2026320920,229.2843827084871,,,
L-SHADE-1.0.1,10,9,22,2026320921,229.2843827084871,,,
L-SHADE-1.0.1,10,9,23,2026320922,229.2843827084871,,,
L-SHADE-1.0.1,10,9,24,2026320923,229.2843827084871,,,
L-SHADE-1.0.1,10,9,25,2026320924,229.2843827084871,,,
L-SHADE-1.0.1,10,9,26,2026320925,229.2843827084871,,,
L-SHADE-1.0.1,10,9,27,2026320926,229.2843827084871,,,
L-SHADE-1.0.1,10,9,28,2026320927,229.2843827084871,,,
L-SHADE-1.0.1,10,9,29,2026320928,229.2843827084871,,,
L-SHADE-1.0.1,10,9,30,2026320929,229.2843827084871,,,
L-SHADE-1.0.1,10,10,1,2026321000,100.2290652960337,,,
L-SHADE-1.0.1,10,10,2,2026321001,100.19706274300188,,,
L-SHADE-1.0.1,10,10,3,2026321002,100.21376189205603,,,
L-SHADE-1.0.1,10,10,4,2026321003,100.21305605466978,,,
L-SHADE-1.0.1,10,10,5,2026321004,100.19937935129019,,,
L-SHADE-1.0.1,10,10,6,2026321005,100.22499720496853,,,
L-SHADE-1.0.1,10,10,7,2026321006,100.20235632341928,,,
L-SHADE-1.0.1,10,10,8,2026321007,100.22182146202249,,,
L-SHADE-1.0.1,10,10,9,2026321008,100.25001103554814,,,
L-SHADE-1.0.1,10,10,10,2026321009,100.16676752848662,,,
L-SHADE-1.0.1,10,10,11,2026321010,100.22597145253076,,,
L-SHADE-1.0.1,10,10,12,2026321011,100.24431008470856,,,
L-SHADE-1.0.1,10,10,13,2026321012,100.19950134600958,,,
L-SHADE-1.0.1,10,10,14,2026321013,100.24670097122453,,,
L-SHADE-1.0.1,10,10,15,2026321014,100.19081026826507,,,
L-SHADE-1.0.1,10,10,16,2026321015,100.17612397812854,,,
L-SHADE-1.0.1,10,10,17,2026321016,100.22133067460754,,,
L-SHADE-1.0.1,10,10,18,2026321017,100.20718678607045,,,
L-SHADE-1.0.1,10,10,19,2026321018,100.22087084962368,,,
L-SHADE-1.0.1,10,10,20,2026321019,100.21492478138771,,,
L-SHADE-1.0.1,10,10,21,2026321020,100.173003178415,,,
L-SHADE-1.0.1,10,10,22,2026321021,100.21617198255854,,,
L-SHADE-1.0.1,10,10,23,2026321022,100.19536020937403,,,
L-SHADE-1.0.1,10,10,24,2026321023,100.15399183478576,,,
L-SHADE-1.0.1,10,10,25,2026321024,100.22120489966255,,,
L-SHADE-1.0.1,10,10,26,2026321025,100.25805237149507,,,
L-SHADE-1.0.1,10,10,27,2026321026,100.20482985304079,,,
L-SHADE-1.0.1,10,10,28,2026321027,100.2030077268505,,,
L-SHADE-1.0.1,10,10,29,2026321028,100.20888062843551,,,
L-SHADE-1.0.1,10,10,30,2026321029,100.20673287161071,,,
L-SHADE-1.0.1,10,11,1,2026321100,0,,,
L-SHADE-1.0.1,10,11,2,2026321101,0,,,
L-SHADE-1.0.1,10,11,3,2026321102,0,,,
L-SHADE-1.0.1,10,11,4,2026321103,0,,,
L-SHADE-1.0.1,10,11,5,2026321104,0,,,
L-SHADE-1.0.1,10,11,6,2026321105,0,,,
L-SHADE-1.0.1,10,11,7,2026321106,0,,,
L-SHADE-1.0.1,10,11,8,2026321107,0,,,
L-SHADE-1.0.1,10,11,9,2026321108,0,,,
L-SHADE-1.0.1,10,11,10,2026321109,0,,,
L-SHADE-1.0.1,10,11,11,2026321110,0,,,
L-SHADE-1.0.1,10,11,12,2026321111,0,,,
L-SHADE-1.0.1,10,11,13,2026321112,0,,,
L-SHADE-1.0.1,10,11,14,2026321113,0,,,
L-SHADE-1.0.1,10,11,15,2026321114,0,,,
L-SHADE-1.0.1,10,11,16,2026321115,0,,,
L-SHADE-1.0.1,10,11,17,2026321116,0,,,
L-SHADE-1.0.1,10,11,18,2026321117,0,,,
L-SHADE-1.0.1,10,11,19,2026321118,0,,,
L-SHADE-1.0.1,10,11,20,2026321119,0,,,
L-SHADE-1.0.1,10,11,21,2026321120,0,,,
L-SHADE-1.0.1,10,11,22,2026321121,0,,,
L-SHADE-1.0.1,10,11,23,2026321122,0,,,
L-SHADE-1.0.1,10,11,24,2026321123,0,,,
L-SHADE-1.0.1,10,11,25,2026321124,0,,,
L-SHADE-1.0.1,10,11,26,2026321125,0,,,
L-SHADE-1.0.1,10,11,27,2026321126,0,,,
L-SHADE-1.0.1,10,11,28,2026321127,0,,,
L-SHADE-1.0.1,10,11,29,2026321128,0,,,
L-SHADE-1.0.1,10,11,30,2026321129,0,,,
L-SHADE-1.0.1,10,12,1,2026321200,162.70013053532875,,,
L-SHADE-1.0.1,10,12,2,2026321201,162.70013053532875,,,
L-SHADE-1.0.1,10,12,3,2026321202,159.36873363703762,,,
L-SHADE-1.0.1,10,12,4,2026321203,160.68017613054326,,,
L-SHADE-1.0.1,10,12,5,2026321204,161.4048807587492,,,
L-SHADE-1.0.1,10,12,6,2026321205,159.36873363703762,,,
L-SHADE-1.0.1,10,12,7,2026321206,162.70013053532875,,,
L-SHADE-1.0.1,10,12,8,2026321207,161.4352676774106,,,
L-SHADE-1.0.1,10,12,9,2026321208,158.61835455766823,,,
L-SHADE-1.0.1,10,12,10,2026321209,162.70013053532875,,,
L-SHADE-1.0.1,10,12,11,2026321210,159.36873363703762,,,
L-SHADE-1.0.1,10,12,12,2026321211,161.4352676774106,,,
L-SHADE-1.0.1,10,12,13,2026321212,162.70013053532875,,,
L-SHADE-1.0.1,10,12,14,2026321213,162.70013053532875,,,
L-SHADE-1.0.1,10,12,15,2026321214,158.61835455766823,,,
L-SHADE-1.0.1,10,12,16,2026321215,162.70013053532875,,,
L-SHADE-1.0.1,10,12,17,2026321216,159.36873363703762,,,
L-SHADE-1.0.1,10,12,18,2026321217,161.4048807587492,,,
L-SHADE-1.0.1,10,12,19,2026321218,159.36873363703762,,,
L-SHADE-1.0.1,10,12,20,2026321219,159.36873363703762,,,
L-SHADE-1.0.1,10,12,21,2026321220,162.70013053532875,,,
L-SHADE-1.0.1,10,12,22,2026321221,164.9310079029069,,,
L-SHADE-1.0.1,10,12,23,2026321222,162.70013053532875,,,
L-SHADE-1.0.1,10,12,24,2026321223,161.4048807587492,,,
L-SHADE-1.0.1,10,12,25,2026321224,161.4352676774106,,,
L-SHADE-1.0.1,10,12,26,2026321225,161.4352676774106,,,
L-SHADE-1.0.1,10,12,27,2026321226,161.4048807587492,,,
L-SHADE-1.0.1,10,12,28,2026321227,162.56737635795616,,,
L-SHADE-1.0.1,10,12,29,2026321228,162.70013053532875,,,
L-SHADE-1.0.1,10,12,30,2026321229,164.92194156800042,,,
L-SHADE-1.0.1,20,1,1,2026420100,0,,,
L-SHADE-1.0.1,20,1,2,2026420101,0,,,
L-SHADE-1.0.1,20,1,3,2026420102,0,,,
L-SHADE-1.0.1,20,1,4,2026420103,0,,,
L-SHADE-1.0.1,20,1,5,2026420104,0,,,
L-SHADE-1.0.1,20,1,6,2026420105,0,,,
L-SHADE-1.0.1,20,1,7,2026420106,0,,,
L-SHADE-1.0.1,20,1,8,2026420107,0,,,
L-SHADE-1.0.1,20,1,9,2026420108,0,,,
L-SHADE-1.0.1,20,1,10,2026420109,0,,,
L-SHADE-1.0.1,20,1,11,2026420110,0,,,
L-SHADE-1.0.1,20,1,12,2026420111,0,,,
L-SHADE-1.0.1,20,1,13,2026420112,0,,,
L-SHADE-1.0.1,20,1,14,2026420113,0,,,
L-SHADE-1.0.1,20,1,15,2026420114,0,,,
L-SHADE-1.0.1,20,1,16,2026420115,0,,,
L-SHADE-1.0.1,20,1,17,2026420116,0,,,
L-SHADE-1.0.1,20,1,18,2026420117,0,,,
L-SHADE-1.0.1,20,1,19,2026420118,0,,,
L-SHADE-1.0.1,20,1,20,2026420119,0,,,
L-SHADE-1.0.1,20,1,21,2026420120,0,,,
L-SHADE-1.0.1,20,1,22,2026420121,0,,,
L-SHADE-1.0.1,20,1,23,2026420122,0,,,
L-SHADE-1.0.1,20,1,24,2026420123,0,,,
L-SHADE-1.0.1,20,1,25,2026420124,0,,,
L-SHADE-1.0.1,20,1,26,2026420125,0,,,
L-SHADE-1.0.1,20,1,27,2026420126,0,,,
L-SHADE-1.0.1,20,1,28,2026420127,0,,,
L-SHADE-1.0.1,20,1,29,2026420128,0,,,
L-SHADE-1.0.1,20,1,30,2026420129,0,,,
L-SHADE-1.0.1,20,2,1,2026420200,49.08447897948116,,,
L-SHADE-1.0.1,20,2,2,2026420201,49.08447897948116,,,
L-SHADE-1.0.1,20,2,3,2026420202,49.08447897948116,,,
L-SHADE-1.0.1,20,2,4,2026420203,49.08447897948116,,,
L-SHADE-1.0.1,20,2,5,2026420204,44.89546931745127,,,
L-SHADE-1.0.1,20,2,6,2026420205,49.08447897948116,,,
L-SHADE-1.0.1,20,2,7,2026420206,49.08447897948116,,,
L-SHADE-1.0.1,20,2,8,2026420207,49.08447897948116,,,
L-SHADE-1.0.1,20,2,9,2026420208,49.08447897948116,,,
L-SHADE-1.0.1,20,2,10,2026420209,49.08447897948116,,,
L-SHADE-1.0.1,20,2,11,2026420210,49.08447897948116,,,
L-SHADE-1.0.1,20,2,12,2026420211,49.08447897948116,,,
L-SHADE-1.0.1,20,2,13,2026420212,49.08447897948116,,,
L-SHADE-1.0.1,20,2,14,2026420213,49.08447897948116,,,
L-SHADE-1.0.1,20,2,15,2026420214,49.08447897948116,,,
L-SHADE-1.0.1,20,2,16,2026420215,49.08447897948116,,,
L-SHADE-1.0.1,20,2,17,2026420216,49.08447897948116,,,
L-SHADE-1.0.1,20,2,18,2026420217,49.08447897948116,,,
L-SHADE-1.0.1,20,2,19,2026420218,49.08447897948116,,,
L-SHADE-1.0.1,20,2,20,2026420219,49.08447897948116,,,
L-SHADE-1.0.1,20,2,21,2026420220,49.08447897948116,,,
L-SHADE-1.0.1,20,2,22,2026420221,49.08447897948116,,,
L-SHADE-1.0.1,20,2,23,2026420222,49.08447897948116,,,
L-SHADE-1.0.1,20,2,24,2026420223,49.08447897948116,,,
L-SHADE-1.0.1,20,2,25,2026420224,49.08447897948116,,,
L-SHADE-1.0.1,20,2,26,2026420225,49.08447897948116,,,
L-SHADE-1.0.1,20,2,27,2026420226,49.08447897948116,,,
L-SHADE-1.0.1,20,2,28,2026420227,49.08447897948116,,,
L-SHADE-1.0.1,20,2,29,2026420228,49.08447897948116,,,
L-SHADE-1.0.1,20,2,30,2026420229,49.08447897948116,,,
L-SHADE-1.0.1,20,3,1,2026420300,0,,,
L-SHADE-1.0.1,20,3,2,2026420301,0,,,
L-SHADE-1.0.1,20,3,3,2026420302,0,,,
L-SHADE-1.0.1,20,3,4,2026420303,0,,,
L-SHADE-1.0.1,20,3,5,2026420304,0,,,
L-SHADE-1.0.1,20,3,6,2026420305,0,,,
L-SHADE-1.0.1,20,3,7,2026420306,0,,,
L-SHADE-1.0.1,20,3,8,2026420307,0,,,
L-SHADE-1.0.1,20,3,9,2026420308,0,,,
L-SHADE-1.0.1,20,3,10,2026420309,0,,,
L-SHADE-1.0.1,20,3,11,2026420310,0,,,
L-SHADE-1.0.1,20,3,12,2026420311,0,,,
L-SHADE-1.0.1,20,3,13,2026420312,0,,,
L-SHADE-1.0.1,20,3,14,2026420313,0,,,
L-SHADE-1.0.1,20,3,15,2026420314,0,,,
L-SHADE-1.0.1,20,3,16,2026420315,0,,,
L-SHADE-1.0.1,20,3,17,2026420316,0,,,
L-SHADE-1.0.1,20,3,18,2026420317,0,,,
L-SHADE-1.0.1,20,3,19,2026420318,0,,,
L-SHADE-1.0.1,20,3,20,2026420319,0,,,
L-SHADE-1.0.1,20,3,21,2026420320,0,,,
L-SHADE-1.0.1,20,3,22,2026420321,0,,,
L-SHADE-1.0.1,20,3,23,2026420322,0,,,
L-SHADE-1.0.1,20,3,24,2026420323,0,,,
L-SHADE-1.0.1,20,3,25,2026420324,0,,,
L-SHADE-1.0.1,20,3,26,2026420325,0,,,
L-SHADE-1.0.1,20,3,27,2026420326,0,,,
L-SHADE-1.0.1,20,3,28,2026420327,0,,,
L-SHADE-1.0.1,20,3,29,2026420328,0,,,
L-SHADE-1.0.1,20,3,30,2026420329,0,,,
L-SHADE-1.0.1,20,4,1,2026420400,3.979901281271509,,,
L-SHADE-1.0.1,20,4,2,2026420401,3.9799409281952194,,,
L-SHADE-1.0.1,20,4,3,2026420402,5.9697797157573405,,,
L-SHADE-1.0.1,20,4,4,2026420403,2.9849001515292457,,,
L-SHADE-1.0.1,20,4,5,2026420404,2.985024251593586,,,
L-SHADE-1.0.1,20,4,6,2026420405,2.984902839463871,,,
L-SHADE-1.0.1,20,4,7,2026420406,5.969849485918189,,,
L-SHADE-1.0.1,20,4,8,2026420407,2.9849098957172373,,,
L-SHADE-1.0.1,20,4,9,2026420408,2.9849280403278726,,,
L-SHADE-1.0.1,20,4,10,2026420409,3.9798805837083364,,,
L-SHADE-1.0.1,20,4,11,2026420410,3.9798759544546556,,,
L-SHADE-1.0.1,20,4,12,2026420411,3.979900296005326,,,
L-SHADE-1.0.1,20,4,13,2026420412,3.979845627197392,,,
L-SHADE-1.0.1,20,4,14,2026420413,3.979895865562753,,,
L-SHADE-1.0.1,20,4,15,2026420414,3.9798528899623307,,,
L-SHADE-1.0.1,20,4,16,2026420415,4.97482570523664,,,
L-SHADE-1.0.1,20,4,17,2026420416,3.9799853118547617,,,
L-SHADE-1.0.1,20,4,18,2026420417,3.979947734804796,,,
L-SHADE-1.0.1,20,4,19,2026420418,3.979885584946828,,,
L-SHADE-1.0.1,20,4,20,2026420419,3.979954601695681,,,
L-SHADE-1.0.1,20,4,21,2026420420,3.979862446547827,,,
L-SHADE-1.0.1,20,4,22,2026420421,2.984918235470218,,,
L-SHADE-1.0.1,20,4,23,2026420422,4.974818678016618,,,
L-SHADE-1.0.1,20,4,24,2026420423,3.979892354405365,,,
L-SHADE-1.0.1,20,4,25,2026420424,3.9799350240444937,,,
L-SHADE-1.0.1,20,4,26,2026420425,3.979875982832368,,,
L-SHADE-1.0.1,20,4,27,2026420426,4.9748286055991,,,
L-SHADE-1.0.1,20,4,28,2026420427,5.969783267409639,,,
L-SHADE-1.0.1,20,4,29,2026420428,2.984894104447676,,,
L-SHADE-1.0.1,20,4,30,2026420429,3.9798666928140847,,,
L-SHADE-1.0.1,20,5,1,2026420500,0,,,
L-SHADE-1.0.1,20,5,2,2026420501,0,,,
L-SHADE-1.0.1,20,5,3,2026420502,0,,,
L-SHADE-1.0.1,20,5,4,2026420503,0,,,
L-SHADE-1.0.1,20,5,5,2026420504,0,,,
L-SHADE-1.0.1,20,5,6,2026420505,0,,,
L-SHADE-1.0.1,20,5,7,2026420506,0,,,
L-SHADE-1.0.1,20,5,8,2026420507,0,,,
L-SHADE-1.0.1,20,5,9,2026420508,0,,,
L-SHADE-1.0.1,20,5,10,2026420509,0,,,
L-SHADE-1.0.1,20,5,11,2026420510,0,,,
L-SHADE-1.0.1,20,5,12,2026420511,0,,,
L-SHADE-1.0.1,20,5,13,2026420512,0,,,
L-SHADE-1.0.1,20,5,14,2026420513,0,,,
L-SHADE-1.0.1,20,5,15,2026420514,0,,,
L-SHADE-1.0.1,20,5,16,2026420515,0,,,
L-SHADE-1.0.1,20,5,17,2026420516,0,,,
L-SHADE-1.0.1,20,5,18,2026420517,0,,,
L-SHADE-1.0.1,20,5,19,2026420518,0,,,
L-SHADE-1.0.1,20,5,20,2026420519,0,,,
L-SHADE-1.0.1,20,5,21,2026420520,0,,,
L-SHADE-1.0.1,20,5,22,2026420521,0,,,
L-SHADE-1.0.1,20,5,23,2026420522,0,,,
L-SHADE-1.0.1,20,5,24,2026420523,0,,,
L-SHADE-1.0.1,20,5,25,2026420524,0,,,
L-SHADE-1.0.1,20,5,26,2026420525,0,,,
L-SHADE-1.0.1,20,5,27,2026420526,0,,,
L-SHADE-1.0.1,20,5,28,2026420527,0,,,
L-SHADE-1.0.1,20,5,29,2026420528,0,,,
L-SHADE-1.0.1,20,5,30,2026420529,0,,,
L-SHADE-1.0.1,20,6,1,2026420600,0.3079715256101281,,,
L-SHADE-1.0.1,20,6,2,2026420601,0.49999997935628926,,,
L-SHADE-1.0.1,20,6,3,2026420602,0.44459752090438087,,,
L-SHADE-1.0.1,20,6,4,2026420603,0.29072529331733676,,,
L-SHADE-1.0.1,20,6,5,2026420604,0.4998465888966166,,,
L-SHADE-1.0.1,20,6,6,2026420605,0.499986139362818,,,
L-SHADE-1.0.1,20,6,7,2026420606,0.49998283842319324,,,
L-SHADE-1.0.1,20,6,8,2026420607,0.49098640648912806,,,
L-SHADE-1.0.1,20,6,9,2026420608,0.4983166634006011,,,
L-SHADE-1.0.1,20,6,10,2026420609,0.4999959685401336,,,
L-SHADE-1.0.1,20,6,11,2026420610,0.49071646483935183,,,
L-SHADE-1.0.1,20,6,12,2026420611,0.44412653502399735,,,
L-SHADE-1.0.1,20,6,13,2026420612,0.30467385883048337,,,
L-SHADE-1.0.1,20,6,14,2026420613,0.4999816357189957,,,
L-SHADE-1.0.1,20,6,15,2026420614,0.4999999971239504,,,
L-SHADE-1.0.1,20,6,16,2026420615,0.4999953419085159,,,
L-SHADE-1.0.1,20,6,17,2026420616,0.19525469539075857,,,
L-SHADE-1.0.1,20,6,18,2026420617,0.4967641369098601,,,
L-SHADE-1.0.1,20,6,19,2026420618,0.2969880929745159,,,
L-SHADE-1.0.1,20,6,20,2026420619,0.3994410447221526,,,
L-SHADE-1.0.1,20,6,21,2026420620,0.4996921989295515,,,
L-SHADE-1.0.1,20,6,22,2026420621,0.15307698749779775,,,
L-SHADE-1.0.1,20,6,23,2026420622,0.49999858096953176,,,
L-SHADE-1.0.1,20,6,24,2026420623,0.49999999199712875,,,
L-SHADE-1.0.1,20,6,25,2026420624,0.499349005825934,,,
L-SHADE-1.0.1,20,6,26,2026420625,0.4933292885209539,,,
L-SHADE-1.0.1,20,6,27,2026420626,0.30777745713953664,,,
L-SHADE-1.0.1,20,6,28,2026420627,0.30994150679543964,,,
L-SHADE-1.0.1,20,6,29,2026420628,0.49999365690655395,,,
L-SHADE-1.0.1,20,6,30,2026420629,0.499999702043624,,,
L-SHADE-1.0.1,20,7,1,2026420700,4.023082938864263,,,
L-SHADE-1.0.1,20,7,2,2026420701,1.2077473144829582,,,
L-SHADE-1.0.1,20,7,3,2026420702,3.2552370518055795,,,
L-SHADE-1.0.1,20,7,4,2026420703,2.3258889555227142,,,
L-SHADE-1.0.1,20,7,5,2026420704,2.3022623699228006,,,
L-SHADE-1.0.1,20,7,6,2026420705,7.760299373615453,,,
L-SHADE-1.0.1,20,7,7,2026420706,4.406774065600075,,,
L-SHADE-1.0.1,20,7,8,2026420707,2.477523043285828,,,
L-SHADE-1.0.1,20,7,9,2026420708,20.070901772598745,,,
L-SHADE-1.0.1,20,7,10,2026420709,2.887022870637793,,,
L-SHADE-1.0.1,20,7,11,2026420710,4.005881634287562,,,
L-SHADE-1.0.1,20,7,12,2026420711,2.4681023268840363,,,
L-SHADE-1.0.1,20,7,13,2026420712,2.9604622188801386,,,
L-SHADE-1.0.1,20,7,14,2026420713,6.0053084806247625,,,
L-SHADE-1.0.1,20,7,15,2026420714,7.071278599905099,,,
L-SHADE-1.0.1,20,7,16,2026420715,2.5741367505950166,,,
L-SHADE-1.0.1,20,7,17,2026420716,1.8452807117910197,,,
L-SHADE-1.0.1,20,7,18,2026420717,1.5307410021582655,,,
L-SHADE-1.0.1,20,7,19,2026420718,4.682264523330332,,,
L-SHADE-1.0.1,20,7,20,2026420719,2.2717473932007124,,,
L-SHADE-1.0.1,20,7,21,2026420720,4.02586542058998,,,
L-SHADE-1.0.1,20,7,22,2026420721,3.27025482860995,,,
L-SHADE-1.0.1,20,7,23,2026420722,1.7172540889976062,,,
L-SHADE-1.0.1,20,7,24,2026420723,2.9252020352564614,,,
L-SHADE-1.0.1,20,7,25,2026420724,2.579773567213124,,,
L-SHADE-1.0.1,20,7,26,2026420725,2.2950905227537532,,,
L-SHADE-1.0.1,20,7,27,2026420726,1.4722533187787121,,,
L-SHADE-1.0.1,20,7,28,2026420727,5.355773751372681,,,
L-SHADE-1.0.1,20,7,29,2026420728,2.6767373449040406,,,
L-SHADE-1.0.1,20,7,30,2026420729,3.7208491699439037,,,
L-SHADE-1.0.1,20,8,1,2026420800,16.493961495038093,,,
L-SHADE-1.0.1,20,8,2,2026420801,20.246403900855512,,,
L-SHADE-1.0.1,20,8,3,2026420802,17.848705743754635,,,
L-SHADE-1.0.1,20,8,4,2026420803,20.36909307189262,,,
L-SHADE-1.0.1,20,8,5,2026420804,20.22734117149912,,,
L-SHADE-1.0.1,20,8,6,2026420805,17.641761228202995,,,
L-SHADE-1.0.1,20,8,7,2026420806,19.64077731980251,,,
L-SHADE-1.0.1,20,8,8,2026420807,20.34911310047255,,,
L-SHADE-1.0.1,20,8,9,2026420808,20.495293199993284,,,
L-SHADE-1.0.1,20,8,10,2026420809,4.226568221220987,,,
L-SHADE-1.0.1,20,8,11,2026420810,20.28556291543464,,,
L-SHADE-1.0.1,20,8,12,2026420811,20.392532699635467,,,
L-SHADE-1.0.1,20,8,13,2026420812,19.831411235873475,,,
L-SHADE-1.0.1,20,8,14,2026420813,20.124003086292305,,,
L-SHADE-1.0.1,20,8,15,2026420814,20.346914335170823,,,
L-SHADE-1.0.1,20,8,16,2026420815,20.305410623287116,,,
L-SHADE-1.0.1,20,8,17,2026420816,20.39974805350812,,,
L-SHADE-1.0.1,20,8,18,2026420817,20.292908221046673,,,
L-SHADE-1.0.1,20,8,19,2026420818,18.230936284206564,,,
L-SHADE-1.0.1,20,8,20,2026420819,19.836004089404014,,,
L-SHADE-1.0.1,20,8,21,2026420820,20.302939742779017,,,
L-SHADE-1.0.1,20,8,22,2026420821,20.25809567194392,,,
L-SHADE-1.0.1,20,8,23,2026420822,10.625277074835594,,,
L-SHADE-1.0.1,20,8,24,2026420823,20.360021105339,,,
L-SHADE-1.0.1,20,8,25,2026420824,19.83183312340043,,,
L-SHADE-1.0.1,20,8,26,2026420825,12.867020334788322,,,
L-SHADE-1.0.1,20,8,27,2026420826,20.38936247141237,,,
L-SHADE-1.0.1,20,8,28,2026420827,20.35387253426279,,,
L-SHADE-1.0.1,20,8,29,2026420828,10.919161146980514,,,
L-SHADE-1.0.1,20,8,30,2026420829,3.264094074874265,,,
L-SHADE-1.0.1,20,9,1,2026420900,180.78127167774664,,,
L-SHADE-1.0.1,20,9,2,2026420901,180.78127167774664,,,
L-SHADE-1.0.1,20,9,3,2026420902,180.78127167774664,,,
L-SHADE-1.0.1,20,9,4,2026420903,180.78127167774664,,,
L-SHADE-1.0.1,20,9,5,2026420904,180.78127167774664,,,
L-SHADE-1.0.1,20,9,6,2026420905,180.78127167774664,,,
L-SHADE-1.0.1,20,9,7,2026420906,180.78127167774664,,,
L-SHADE-1.0.1,20,9,8,2026420907,180.78127167774664,,,
L-SHADE-1.0.1,20,9,9,2026420908,180.78127167774664,,,
L-SHADE-1.0.1,20,9,10,2026420909,180.78127167774664,,,
L-SHADE-1.0.1,20,9,11,2026420910,180.78127167774664,,,
L-SHADE-1.0.1,20,9,12,2026420911,180.78127167774664,,,
L-SHADE-1.0.1,20,9,13,2026420912,180.78127167774664,,,
L-SHADE-1.0.1,20,9,14,2026420913,180.78127167774664,,,
L-SHADE-1.0.1,20,9,15,2026420914,180.78127167774664,,,
L-SHADE-1.0.1,20,9,16,2026420915,180.78127167774664,,,
L-SHADE-1.0.1,20,9,17,2026420916,180.78127167774664,,,
L-SHADE-1.0.1,20,9,18,2026420917,180.78127167774664,,,
L-SHADE-1.0.1,20,9,19,2026420918,180.78127167774664,,,
L-SHADE-1.0.1,20,9,20,2026420919,180.78127167774664,,,
L-SHADE-1.0.1,20,9,21,2026420920,180.78127167774664,,,
L-SHADE-1.0.1,20,9,22,2026420921,180.78127167774664,,,
L-SHADE-1.0.1,20,9,23,2026420922,180.78127167774664,,,
L-SHADE-1.0.1,20,9,24,2026420923,180.78127167774664,,,
L-SHADE-1.0.1,20,9,25,2026420924,180.78127167774664,,,
L-SHADE-1.0.1,20,9,26,2026420925,180.78127167774664,,,
L-SHADE-1.0.1,20,9,27,2026420926,180.78127167774664,,,
L-SHADE-1.0.1,20,9,28,2026420927,180.78127167774664,,,
L-SHADE-1.0.1,20,9,29,2026420928,180.78127167774664,,,
L-SHADE-1.0.1,20,9,30,2026420929,180.78127167774664,,,
L-SHADE-1.0.1,20,10,1,2026421000,100.29296007864241,,,
L-SHADE-1.0.1,20,10,2,2026421001,100.27841130215893,,,
L-SHADE-1.0.1,20,10,3,2026421002,100.28772281843794,,,
L-SHADE-1.0.1,20,10,4,2026421003,100.267993974604,,,
L-SHADE-1.0.1,20,10,5,2026421004,100.27961631618791,,,
L-SHADE-1.0.1,20,10,6,2026421005,100.26444418047095,,,
L-SHADE-1.0.1,20,10,7,2026421006,100.26750472093545,,,
L-SHADE-1.0.1,20,10,8,2026421007,100.27887085381599,,,
L-SHADE-1.0.1,20,10,9,2026421008,100.2505715246084,,,
L-SHADE-1.0.1,20,10,10,2026421009,100.27766173158625,,,
L-SHADE-1.0.1,20,10,11,2026421010,100.34695807261414,,,
L-SHADE-1.0.1,20,10,12,2026421011,100.25928503137811,,,
L-SHADE-1.0.1,20,10,13,2026421012,100.29765240197412,,,
L-SHADE-1.0.1,20,10,14,2026421013,100.28895349121285,,,
L-SHADE-1.0.1,20,10,15,2026421014,100.31324880668399,,,
L-SHADE-1.0.1,20,10,16,2026421015,100.22880451841411,,,
L-SHADE-1.0.1,20,10,17,2026421016,100.27303920007716,,,
L-SHADE-1.0.1,20,10,18,2026421017,100.28937338193782,,,
L-SHADE-1.0.1,20,10,19,2026421018,100.33329667127964,,,
L-SHADE-1.0.1,20,10,20,2026421019,100.2422759997553,,,
L-SHADE-1.0.1,20,10,21,2026421020,100.28512568163706,,,
L-SHADE-1.0.1,20,10,22,2026421021,100.30209104047208,,,
L-SHADE-1.0.1,20,10,23,2026421022,100.26608976716443,,,
L-SHADE-1.0.1,20,10,24,2026421023,100.24645544584382,,,
L-SHADE-1.0.1,20,10,25,2026421024,100.23501821800028,,,
L-SHADE-1.0.1,20,10,26,2026421025,100.30304926130839,,,
L-SHADE-1.0.1,20,10,27,2026421026,100.2575387714005,,,
L-SHADE-1.0.1,20,10,28,2026421027,100.27616934602793,,,
L-SHADE-1.0.1,20,10,29,2026421028,100.24114076229353,,,
L-SHADE-1.0.1,20,10,30,2026421029,100.27401212660243,,,
L-SHADE-1.0.1,20,11,1,2026421100,300,,,
L-SHADE-1.0.1,20,11,2,2026421101,300.00000000000045,,,
L-SHADE-1.0.1,20,11,3,2026421102,300,,,
L-SHADE-1.0.1,20,11,4,2026421103,300,,,
L-SHADE-1.0.1,20,11,5,2026421104,300,,,
L-SHADE-1.0.1,20,11,6,2026421105,300,,,
L-SHADE-1.0.1,20,11,7,2026421106,300,,,
L-SHADE-1.0.1,20,11,8,2026421107,300,,,
L-SHADE-1.0.1,20,11,9,2026421108,300,,,
L-SHADE-1.0.1,20,11,10,2026421109,300,,,
L-SHADE-1.0.1,20,11,11,2026421110,300,,,
L-SHADE-1.0.1,20,11,12,2026421111,300,,,
L-SHADE-1.0.1,20,11,13,2026421112,300,,,
L-SHADE-1.0.1,20,11,14,2026421113,300.00000000000045,,,
L-SHADE-1.0.1,20,11,15,2026421114,300,,,
L-SHADE-1.0.1,20,11,16,2026421115,300,,,
L-SHADE-1.0.1,20,11,17,2026421116,300,,,
L-SHADE-1.0.1,20,11,18,2026421117,300.00000000000045,,,
L-SHADE-1.0.1,20,11,19,2026421118,300,,,
L-SHADE-1.0.1,20,11,20,2026421119,300,,,
L-SHADE-1.0.1,20,11,21,2026421120,300,,,
L-SHADE-1.0.1,20,11,22,2026421121,300,,,
L-SHADE-1.0.1,20,11,23,2026421122,300,,,
L-SHADE-1.0.1,20,11,24,2026421123,300,,,
L-SHADE-1.0.1,20,11,25,2026421124,300.00000000000045,,,
L-SHADE-1.0.1,20,11,26,2026421125,300,,,
L-SHADE-1.0.1,20,11,27,2026421126,300,,,
L-SHADE-1.0.1,20,11,28,2026421127,300,,,
L-SHADE-1.0.1,20,11,29,2026421128,300,,,
L-SHADE-1.0.1,20,11,30,2026421129,300,,,
L-SHADE-1.0.1,20,12,1,2026421200,231.95063763325925,,,
L-SHADE-1.0.1,20,12,2,2026421201,234.66534356758393,,,
L-SHADE-1.0.1,20,12,3,2026421202,232.45770196557442,,,
L-SHADE-1.0.1,20,12,4,2026421203,233.97430094618903,,,
L-SHADE-1.0.1,20,12,5,2026421204,235.30384170867774,,,
L-SHADE-1.0.1,20,12,6,2026421205,234.6658265894598,,,
L-SHADE-1.0.1,20,12,7,2026421206,233.97430094618903,,,
L-SHADE-1.0.1,20,12,8,2026421207,231.95063763325925,,,
L-SHADE-1.0.1,20,12,9,2026421208,231.85780965729782,,,
L-SHADE-1.0.1,20,12,10,2026421209,234.6658265894598,,,
L-SHADE-1.0.1,20,12,11,2026421210,231.95063763325925,,,
L-SHADE-1.0.1,20,12,12,2026421211,231.7372246644395,,,
L-SHADE-1.0.1,20,12,13,2026421212,232.45770196557442,,,
L-SHADE-1.0.1,20,12,14,2026421213,231.95063763325925,,,
L-SHADE-1.0.1,20,12,15,2026421214,233.97430094618903,,,
L-SHADE-1.0.1,20,12,16,2026421215,233.05145942751278,,,
L-SHADE-1.0.1,20,12,17,2026421216,234.32413524834828,,,
L-SHADE-1.0.1,20,12,18,2026421217,231.95063763325925,,,
L-SHADE-1.0.1,20,12,19,2026421218,237.41594836089052,,,
L-SHADE-1.0.1,20,12,20,2026421219,232.26031451679955,,,
L-SHADE-1.0.1,20,12,21,2026421220,232.45770196557442,,,
L-SHADE-1.0.1,20,12,22,2026421221,231.95063763325925,,,
L-SHADE-1.0.1,20,12,23,2026421222,231.95063763325925,,,
L-SHADE-1.0.1,20,12,24,2026421223,242.1145930282437,,,
L-SHADE-1.0.1,20,12,25,2026421224,233.9839607382737,,,
L-SHADE-1.0.1,20,12,26,2026421225,232.45770196557442,,,
L-SHADE-1.0.1,20,12,27,2026421226,232.2603145168,,,
L-SHADE-1.0.1,20,12,28,2026421227,231.95063763325925,,,
L-SHADE-1.0.1,20,12,29,2026421228,231.95063763325925,,,
L-SHADE-1.0.1,20,12,30,2026421229,233.12949681248028,,,
L-SRTDE,10,1,1,2026320100,0,200000,,
L-SRTDE,10,1,2,2026320101,0,200000,,
L-SRTDE,10,1,3,2026320102,0,200000,,
L-SRTDE,10,1,4,2026320103,0,200000,,
L-SRTDE,10,1,5,2026320104,0,200000,,
L-SRTDE,10,1,6,2026320105,0,200000,,
L-SRTDE,10,1,7,2026320106,0,200000,,
L-SRTDE,10,1,8,2026320107,0,200000,,
L-SRTDE,10,1,9,2026320108,0,200000,,
L-SRTDE,10,1,10,2026320109,0,200000,,
L-SRTDE,10,1,11,2026320110,0,200000,,
L-SRTDE,10,1,12,2026320111,0,200000,,
L-SRTDE,10,1,13,2026320112,0,200000,,
L-SRTDE,10,1,14,2026320113,0,200000,,
L-SRTDE,10,1,15,2026320114,0,200000,,
L-SRTDE,10,1,16,2026320115,0,200000,,
L-SRTDE,10,1,17,2026320116,0,200000,,
L-SRTDE,10,1,18,2026320117,0,200000,,
L-SRTDE,10,1,19,2026320118,0,200000,,
L-SRTDE,10,1,20,2026320119,0,200000,,
L-SRTDE,10,1,21,2026320120,0,200000,,
L-SRTDE,10,1,22,2026320121,0,200000,,
L-SRTDE,10,1,23,2026320122,0,200000,,
L-SRTDE,10,1,24,2026320123,0,200000,,
L-SRTDE,10,1,25,2026320124,0,200000,,
L-SRTDE,10,1,26,2026320125,0,200000,,
L-SRTDE,10,1,27,2026320126,0,200000,,
L-SRTDE,10,1,28,2026320127,0,200000,,
L-SRTDE,10,1,29,2026320128,0,200000,,
L-SRTDE,10,1,30,2026320129,0,200000,,
L-SRTDE,10,2,1,2026320200,0,200000,,
L-SRTDE,10,2,2,2026320201,3.986579112347158,200000,,
L-SRTDE,10,2,3,2026320202,3.986579112347158,200000,,
L-SRTDE,10,2,4,2026320203,0,200000,,
L-SRTDE,10,2,5,2026320204,3.986579112347158,200000,,
L-SRTDE,10,2,6,2026320205,0,200000,,
L-SRTDE,10,2,7,2026320206,0,200000,,
L-SRTDE,10,2,8,2026320207,0,200000,,
L-SRTDE,10,2,9,2026320208,3.986579112347158,200000,,
L-SRTDE,10,2,10,2026320209,3.986579112347158,200000,,
L-SRTDE,10,2,11,2026320210,0,200000,,
L-SRTDE,10,2,12,2026320211,8.916101927781312,200000,,
L-SRTDE,10,2,13,2026320212,0,200000,,
L-SRTDE,10,2,14,2026320213,3.986579112347158,200000,,
L-SRTDE,10,2,15,2026320214,3.986579112347158,200000,,
L-SRTDE,10,2,16,2026320215,0,200000,,
L-SRTDE,10,2,17,2026320216,3.986579112347158,200000,,
L-SRTDE,10,2,18,2026320217,3.986579112347158,200000,,
L-SRTDE,10,2,19,2026320218,3.986579112347158,200000,,
L-SRTDE,10,2,20,2026320219,0,200000,,
L-SRTDE,10,2,21,2026320220,3.986579112347158,200000,,
L-SRTDE,10,2,22,2026320221,0,200000,,
L-SRTDE,10,2,23,2026320222,8.916101927781312,200000,,
L-SRTDE,10,2,24,2026320223,0,200000,,
L-SRTDE,10,2,25,2026320224,0,200000,,
L-SRTDE,10,2,26,2026320225,8.916101927781312,200000,,
L-SRTDE,10,2,27,2026320226,0,200000,,
L-SRTDE,10,2,28,2026320227,0,200000,,
L-SRTDE,10,2,29,2026320228,0,200000,,
L-SRTDE,10,2,30,2026320229,8.916101927781312,200000,,
L-SRTDE,10,3,1,2026320300,0,200000,,
L-SRTDE,10,3,2,2026320301,0,200000,,
L-SRTDE,10,3,3,2026320302,0,200000,,
L-SRTDE,10,3,4,2026320303,0,200000,,
L-SRTDE,10,3,5,2026320304,0,200000,,
L-SRTDE,10,3,6,2026320305,0,200000,,
L-SRTDE,10,3,7,2026320306,0,200000,,
L-SRTDE,10,3,8,2026320307,0,200000,,
L-SRTDE,10,3,9,2026320308,0,200000,,
L-SRTDE,10,3,10,2026320309,0,200000,,
L-SRTDE,10,3,11,2026320310,0,200000,,
L-SRTDE,10,3,12,2026320311,0,200000,,
L-SRTDE,10,3,13,2026320312,0,200000,,
L-SRTDE,10,3,14,2026320313,0,200000,,
L-SRTDE,10,3,15,2026320314,0,200000,,
L-SRTDE,10,3,16,2026320315,0,200000,,
L-SRTDE,10,3,17,2026320316,0,200000,,
L-SRTDE,10,3,18,2026320317,0,200000,,
L-SRTDE,10,3,19,2026320318,0,200000,,
L-SRTDE,10,3,20,2026320319,0,200000,,
L-SRTDE,10,3,21,2026320320,0,200000,,
L-SRTDE,10,3,22,2026320321,0,200000,,
L-SRTDE,10,3,23,2026320322,0,200000,,
L-SRTDE,10,3,24,2026320323,0,200000,,
L-SRTDE,10,3,25,2026320324,0,200000,,
L-SRTDE,10,3,26,2026320325,0,200000,,
L-SRTDE,10,3,27,2026320326,0,200000,,
L-SRTDE,10,3,28,2026320327,0,200000,,
L-SRTDE,10,3,29,2026320328,0,200000,,
L-SRTDE,10,3,30,2026320329,0,200000,,
L-SRTDE,10,4,1,2026320400,0.9949590570932969,200000,,
L-SRTDE,10,4,2,2026320401,1.9899181141865938,200000,,
L-SRTDE,10,4,3,2026320402,0,200000,,
L-SRTDE,10,4,4,2026320403,0,200000,,
L-SRTDE,10,4,5,2026320404,0,200000,,
L-SRTDE,10,4,6,2026320405,0,200000,,
L-SRTDE,10,4,7,2026320406,0,200000,,
L-SRTDE,10,4,8,2026320407,0,200000,,
L-SRTDE,10,4,9,2026320408,0,200000,,
L-SRTDE,10,4,10,2026320409,0,200000,,
L-SRTDE,10,4,11,2026320410,0,200000,,
L-SRTDE,10,4,12,2026320411,0.9949590570932969,200000,,
L-SRTDE,10,4,13,2026320412,0,200000,,
L-SRTDE,10,4,14,2026320413,0,200000,,
L-SRTDE,10,4,15,2026320414,0,200000,,
L-SRTDE,10,4,16,2026320415,0,200000,,
L-SRTDE,10,4,17,2026320416,0,200000,,
L-SRTDE,10,4,18,2026320417,0,200000,,
L-SRTDE,10,4,19,2026320418,1.9899181141865938,200000,,
L-SRTDE,10,4,20,2026320419,0,200000,,
L-SRTDE,10,4,21,2026320420,0,200000,,
L-SRTDE,10,4,22,2026320421,0,200000,,
L-SRTDE,10,4,23,2026320422,0.9949590570932969,200000,,
L-SRTDE,10,4,24,2026320423,0.9949590570932969,200000,,
L-SRTDE,10,4,25,2026320424,0,200000,,
L-SRTDE,10,4,26,2026320425,0,200000,,
L-SRTDE,10,4,27,2026320426,0.9949590570932969,200000,,
L-SRTDE,10,4,28,2026320427,0.9949590570932969,200000,,
L-SRTDE,10,4,29,2026320428,0,200000,,
L-SRTDE,10,4,30,2026320429,0,200000,,
L-SRTDE,10,5,1,2026320500,0,200000,,
L-SRTDE,10,5,2,2026320501,0,200000,,
L-SRTDE,10,5,3,2026320502,0,200000,,
L-SRTDE,10,5,4,2026320503,0,200000,,
L-SRTDE,10,5,5,2026320504,0,200000,,
L-SRTDE,10,5,6,2026320505,0,200000,,
L-SRTDE,10,5,7,2026320506,0,200000,,
L-SRTDE,10,5,8,2026320507,0,200000,,
L-SRTDE,10,5,9,2026320508,0,200000,,
L-SRTDE,10,5,10,2026320509,0,200000,,
L-SRTDE,10,5,11,2026320510,0,200000,,
L-SRTDE,10,5,12,2026320511,0,200000,,
L-SRTDE,10,5,13,2026320512,0,200000,,
L-SRTDE,10,5,14,2026320513,0,200000,,
L-SRTDE,10,5,15,2026320514,0,200000,,
L-SRTDE,10,5,16,2026320515,0,200000,,
L-SRTDE,10,5,17,2026320516,0,200000,,
L-SRTDE,10,5,18,2026320517,0,200000,,
L-SRTDE,10,5,19,2026320518,0,200000,,
L-SRTDE,10,5,20,2026320519,0,200000,,
L-SRTDE,10,5,21,2026320520,0,200000,,
L-SRTDE,10,5,22,2026320521,0,200000,,
L-SRTDE,10,5,23,2026320522,0,200000,,
L-SRTDE,10,5,24,2026320523,0,200000,,
L-SRTDE,10,5,25,2026320524,0,200000,,
L-SRTDE,10,5,26,2026320525,0,200000,,
L-SRTDE,10,5,27,2026320526,0,200000,,
L-SRTDE,10,5,28,2026320527,0,200000,,
L-SRTDE,10,5,29,2026320528,0,200000,,
L-SRTDE,10,5,30,2026320529,0,200000,,
L-SRTDE,10,6,1,2026320600,0.4978828155130941,200000,,
L-SRTDE,10,6,2,2026320601,0.4998440865522298,200000,,
L-SRTDE,10,6,3,2026320602,0.18933036658336277,200000,,
L-SRTDE,10,6,4,2026320603,0.49522198941599527,200000,,
L-SRTDE,10,6,5,2026320604,0.49581517288265786,200000,,
L-SRTDE,10,6,6,2026320605,0.2965881712357259,200000,,
L-SRTDE,10,6,7,2026320606,0.49634770489660696,200000,,
L-SRTDE,10,6,8,2026320607,0.1764659906682482,200000,,
L-SRTDE,10,6,9,2026320608,0.49933700106203105,200000,,
L-SRTDE,10,6,10,2026320609,0.272185172707168,200000,,
L-SRTDE,10,6,11,2026320610,0.4979340128486456,200000,,
L-SRTDE,10,6,12,2026320611,0.1963125834379298,200000,,
L-SRTDE,10,6,13,2026320612,0.3211215355413515,200000,,
L-SRTDE,10,6,14,2026320613,0.2724288408560369,200000,,
L-SRTDE,10,6,15,2026320614,0.49749776617750285,200000,,
L-SRTDE,10,6,16,2026320615,0.23583692806664658,200000,,
L-SRTDE,10,6,17,2026320616,0.48944041613458467,200000,,
L-SRTDE,10,6,18,2026320617,0.09212862259073518,200000,,
L-SRTDE,10,6,19,2026320618,0.4168296516547798,200000,,
L-SRTDE,10,6,20,2026320619,0.03882466787308658,200000,,
L-SRTDE,10,6,21,2026320620,0.4770627099931062,200000,,
L-SRTDE,10,6,22,2026320621,0.48980946909068734,200000,,
L-SRTDE,10,6,23,2026320622,0.4537522116784203,200000,,
L-SRTDE,10,6,24,2026320623,0.47544532583310684,200000,,
L-SRTDE,10,6,25,2026320624,0.4999978458060923,200000,,
L-SRTDE,10,6,26,2026320625,0.18673512631926314,200000,,
L-SRTDE,10,6,27,2026320626,0.49388402112481344,200000,,
L-SRTDE,10,6,28,2026320627,0.2627415356473648,200000,,
L-SRTDE,10,6,29,2026320628,0.01879955261711075,200000,,
L-SRTDE,10,6,30,2026320629,0.4823728805679366,200000,,
L-SRTDE,10,7,1,2026320700,0,200000,,
L-SRTDE,10,7,2,2026320701,0.6240993205096856,200000,,
L-SRTDE,10,7,3,2026320702,0,200000,,
L-SRTDE,10,7,4,2026320703,0.6240993205096856,200000,,
L-SRTDE,10,7,5,2026320704,0.6240993205096856,200000,,
L-SRTDE,10,7,6,2026320705,0.6240993205096856,200000,,
L-SRTDE,10,7,7,2026320706,0,200000,,
L-SRTDE,10,7,8,2026320707,0,200000,,
L-SRTDE,10,7,9,2026320708,0,200000,,
L-SRTDE,10,7,10,2026320709,0.6240993205096856,200000,,
L-SRTDE,10,7,11,2026320710,0.6240993205096856,200000,,
L-SRTDE,10,7,12,2026320711,0,200000,,
L-SRTDE,10,7,13,2026320712,0.6240993205096856,200000,,
L-SRTDE,10,7,14,2026320713,0,200000,,
L-SRTDE,10,7,15,2026320714,0,200000,,
L-SRTDE,10,7,16,2026320715,0.9949590570934106,200000,,
L-SRTDE,10,7,17,2026320716,0,200000,,
L-SRTDE,10,7,18,2026320717,0,200000,,
L-SRTDE,10,7,19,2026320718,0.6240993205096856,200000,,
L-SRTDE,10,7,20,2026320719,0.6240993205096856,200000,,
L-SRTDE,10,7,21,2026320720,0.6240993205096856,200000,,
L-SRTDE,10,7,22,2026320721,0.6240993205096856,200000,,
L-SRTDE,10,7,23,2026320722,0,200000,,
L-SRTDE,10,7,24,2026320723,0.6240993205096856,200000,,
L-SRTDE,10,7,25,2026320724,0.6240993205096856,200000,,
L-SRTDE,10,7,26,2026320725,0.6240993205096856,200000,,
L-SRTDE,10,7,27,2026320726,0,200000,,
L-SRTDE,10,7,28,2026320727,0.6240993205096856,200000,,
L-SRTDE,10,7,29,2026320728,0,200000,,
L-SRTDE,10,7,30,2026320729,0,200000,,
L-SRTDE,10,8,1,2026320800,20.244282505654155,200000,,
L-SRTDE,10,8,2,2026320801,20.292879065913894,200000,,
L-SRTDE,10,8,3,2026320802,20.295998727654023,200000,,
L-SRTDE,10,8,4,2026320803,0.03406733973952214,200000,,
L-SRTDE,10,8,5,2026320804,0.003970437078805844,200000,,
L-SRTDE,10,8,6,2026320805,0.7616577286248685,200000,,
L-SRTDE,10,8,7,2026320806,20.380768445661488,200000,,
L-SRTDE,10,8,8,2026320807,0.12761143108855322,200000,,
L-SRTDE,10,8,9,2026320808,0.7314394735503811,200000,,
L-SRTDE,10,8,10,2026320809,0.1708923950291137,200000,,
L-SRTDE,10,8,11,2026320810,0.009167149513359618,200000,,
L-SRTDE,10,8,12,2026320811,0.18962954306562096,200000,,
L-SRTDE,10,8,13,2026320812,0.14604949643307918,200000,,
L-SRTDE,10,8,14,2026320813,20.253789266484546,200000,,
L-SRTDE,10,8,15,2026320814,0.1218005300306686,200000,,
L-SRTDE,10,8,16,2026320815,20.26137866091858,200000,,
L-SRTDE,10,8,17,2026320816,0.009943841808308207,200000,,
L-SRTDE,10,8,18,2026320817,0.16194020285274746,200000,,
L-SRTDE,10,8,19,2026320818,0.7865364930953547,200000,,
L-SRTDE,10,8,20,2026320819,0.1250113022961159,200000,,
L-SRTDE,10,8,21,2026320820,19.87754610732918,200000,,
L-SRTDE,10,8,22,2026320821,0.17640980831583875,200000,,
L-SRTDE,10,8,23,2026320822,0.748512004346594,200000,,
L-SRTDE,10,8,24,2026320823,0.12455089649392903,200000,,
L-SRTDE,10,8,25,2026320824,20.67901391346777,200000,,
L-SRTDE,10,8,26,2026320825,0.28018060523754684,200000,,
L-SRTDE,10,8,27,2026320826,0.22077471243164837,200000,,
L-SRTDE,10,8,28,2026320827,0.0720143247017404,200000,,
L-SRTDE,10,8,29,2026320828,0.18016894369839065,200000,,
L-SRTDE,10,8,30,2026320829,0.12346670073702626,200000,,
L-SRTDE,10,9,1,2026320900,229.2843827084871,200000,,
L-SRTDE,10,9,2,2026320901,229.2843827084871,200000,,
L-SRTDE,10,9,3,2026320902,229.2843827084871,200000,,
L-SRTDE,10,9,4,2026320903,229.2843827084871,200000,,
L-SRTDE,10,9,5,2026320904,229.2843827084871,200000,,
L-SRTDE,10,9,6,2026320905,229.2843827084871,200000,,
L-SRTDE,10,9,7,2026320906,229.2843827084871,200000,,
L-SRTDE,10,9,8,2026320907,229.2843827084871,200000,,
L-SRTDE,10,9,9,2026320908,229.2843827084871,200000,,
L-SRTDE,10,9,10,2026320909,229.2843827084871,200000,,
L-SRTDE,10,9,11,2026320910,229.2843827084871,200000,,
L-SRTDE,10,9,12,2026320911,229.2843827084871,200000,,
L-SRTDE,10,9,13,2026320912,229.2843827084871,200000,,
L-SRTDE,10,9,14,2026320913,229.2843827084871,200000,,
L-SRTDE,10,9,15,2026320914,229.2843827084871,200000,,
L-SRTDE,10,9,16,2026320915,229.2843827084871,200000,,
L-SRTDE,10,9,17,2026320916,229.2843827084871,200000,,
L-SRTDE,10,9,18,2026320917,229.2843827084871,200000,,
L-SRTDE,10,9,19,2026320918,229.2843827084871,200000,,
L-SRTDE,10,9,20,2026320919,229.2843827084871,200000,,
L-SRTDE,10,9,21,2026320920,229.2843827084871,200000,,
L-SRTDE,10,9,22,2026320921,229.2843827084871,200000,,
L-SRTDE,10,9,23,2026320922,229.2843827084871,200000,,
L-SRTDE,10,9,24,2026320923,229.2843827084871,200000,,
L-SRTDE,10,9,25,2026320924,229.2843827084871,200000,,
L-SRTDE,10,9,26,2026320925,229.2843827084871,200000,,
L-SRTDE,10,9,27,2026320926,229.2843827084871,200000,,
L-SRTDE,10,9,28,2026320927,229.2843827084871,200000,,
L-SRTDE,10,9,29,2026320928,229.2843827084871,200000,,
L-SRTDE,10,9,30,2026320929,229.2843827084871,200000,,
L-SRTDE,10,10,1,2026321000,100.11970254980997,200000,,
L-SRTDE,10,10,2,2026321001,100.19606532662874,200000,,
L-SRTDE,10,10,3,2026321002,100.15945396433926,200000,,
L-SRTDE,10,10,4,2026321003,100.16232454269402,200000,,
L-SRTDE,10,10,5,2026321004,100.16592606230961,200000,,
L-SRTDE,10,10,6,2026321005,100.15258894146655,200000,,
L-SRTDE,10,10,7,2026321006,100.16385402418655,200000,,
L-SRTDE,10,10,8,2026321007,100.17913339457436,200000,,
L-SRTDE,10,10,9,2026321008,100.1442213969408,200000,,
L-SRTDE,10,10,10,2026321009,100.20616093945682,200000,,
L-SRTDE,10,10,11,2026321010,100.17166042038207,200000,,
L-SRTDE,10,10,12,2026321011,100.18357001438744,200000,,
L-SRTDE,10,10,13,2026321012,100.15037293076057,200000,,
L-SRTDE,10,10,14,2026321013,100.16875625753619,200000,,
L-SRTDE,10,10,15,2026321014,100.15216473802593,200000,,
L-SRTDE,10,10,16,2026321015,100.16979515682624,200000,,
L-SRTDE,10,10,17,2026321016,100.18995509866636,200000,,
L-SRTDE,10,10,18,2026321017,100.18401582263868,200000,,
L-SRTDE,10,10,19,2026321018,100.15202035709717,200000,,
L-SRTDE,10,10,20,2026321019,200.00000000000045,200000,,
L-SRTDE,10,10,21,2026321020,100.19784707441158,200000,,
L-SRTDE,10,10,22,2026321021,100.18000803801397,200000,,
L-SRTDE,10,10,23,2026321022,100.12509171006832,200000,,
L-SRTDE,10,10,24,2026321023,100.17138366244444,200000,,
L-SRTDE,10,10,25,2026321024,100.22176918370997,200000,,
L-SRTDE,10,10,26,2026321025,100.21649205421909,200000,,
L-SRTDE,10,10,27,2026321026,100.20263080509221,200000,,
L-SRTDE,10,10,28,2026321027,100.17348457542539,200000,,
L-SRTDE,10,10,29,2026321028,100.20066221408842,200000,,
L-SRTDE,10,10,30,2026321029,100.17143692259651,200000,,
L-SRTDE,10,11,1,2026321100,0,200000,,
L-SRTDE,10,11,2,2026321101,0,200000,,
L-SRTDE,10,11,3,2026321102,0,200000,,
L-SRTDE,10,11,4,2026321103,0,200000,,
L-SRTDE,10,11,5,2026321104,0,200000,,
L-SRTDE,10,11,6,2026321105,0,200000,,
L-SRTDE,10,11,7,2026321106,0,200000,,
L-SRTDE,10,11,8,2026321107,0,200000,,
L-SRTDE,10,11,9,2026321108,0,200000,,
L-SRTDE,10,11,10,2026321109,0,200000,,
L-SRTDE,10,11,11,2026321110,0,200000,,
L-SRTDE,10,11,12,2026321111,0,200000,,
L-SRTDE,10,11,13,2026321112,0,200000,,
L-SRTDE,10,11,14,2026321113,0,200000,,
L-SRTDE,10,11,15,2026321114,0,200000,,
L-SRTDE,10,11,16,2026321115,0,200000,,
L-SRTDE,10,11,17,2026321116,0,200000,,
L-SRTDE,10,11,18,2026321117,0,200000,,
L-SRTDE,10,11,19,2026321118,0,200000,,
L-SRTDE,10,11,20,2026321119,0,200000,,
L-SRTDE,10,11,21,2026321120,0,200000,,
L-SRTDE,10,11,22,2026321121,0,200000,,
L-SRTDE,10,11,23,2026321122,0,200000,,
L-SRTDE,10,11,24,2026321123,0,200000,,
L-SRTDE,10,11,25,2026321124,0,200000,,
L-SRTDE,10,11,26,2026321125,0,200000,,
L-SRTDE,10,11,27,2026321126,0,200000,,
L-SRTDE,10,11,28,2026321127,0,200000,,
L-SRTDE,10,11,29,2026321128,0,200000,,
L-SRTDE,10,11,30,2026321129,0,200000,,
L-SRTDE,10,12,1,2026321200,164.93100790290737,200000,,
L-SRTDE,10,12,2,2026321201,162.7001305353292,200000,,
L-SRTDE,10,12,3,2026321202,164.93100790290737,200000,,
L-SRTDE,10,12,4,2026321203,164.93100790290737,200000,,
L-SRTDE,10,12,5,2026321204,164.92194156800042,200000,,
L-SRTDE,10,12,6,2026321205,164.92194156800042,200000,,
L-SRTDE,10,12,7,2026321206,164.93100790290737,200000,,
L-SRTDE,10,12,8,2026321207,164.93100790290737,200000,,
L-SRTDE,10,12,9,2026321208,164.93100790290737,200000,,
L-SRTDE,10,12,10,2026321209,164.93100790290737,200000,,
L-SRTDE,10,12,11,2026321210,164.92194156800042,200000,,
L-SRTDE,10,12,12,2026321211,164.93100790290737,200000,,
L-SRTDE,10,12,13,2026321212,164.92194156800042,200000,,
L-SRTDE,10,12,14,2026321213,162.70013053532875,200000,,
L-SRTDE,10,12,15,2026321214,164.9310079029069,200000,,
L-SRTDE,10,12,16,2026321215,164.93100790290737,200000,,
L-SRTDE,10,12,17,2026321216,164.93100790290737,200000,,
L-SRTDE,10,12,18,2026321217,164.93100790290737,200000,,
L-SRTDE,10,12,19,2026321218,164.93100790290737,200000,,
L-SRTDE,10,12,20,2026321219,164.93100790290737,200000,,
L-SRTDE,10,12,21,2026321220,164.92194156800042,200000,,
L-SRTDE,10,12,22,2026321221,164.92194156800042,200000,,
L-SRTDE,10,12,23,2026321222,164.92194156800042,200000,,
L-SRTDE,10,12,24,2026321223,164.92194156800042,200000,,
L-SRTDE,10,12,25,2026321224,164.92194156800042,200000,,
L-SRTDE,10,12,26,2026321225,164.92194156800042,200000,,
L-SRTDE,10,12,27,2026321226,164.93100790290737,200000,,
L-SRTDE,10,12,28,2026321227,164.92194156800042,200000,,
L-SRTDE,10,12,29,2026321228,164.92194156800042,200000,,
L-SRTDE,10,12,30,2026321229,164.92194156800042,200000,,
L-SRTDE,20,1,1,2026420100,0,1000003,,
L-SRTDE,20,1,2,2026420101,0,1000003,,
L-SRTDE,20,1,3,2026420102,0,1000003,,
L-SRTDE,20,1,4,2026420103,0,1000003,,
L-SRTDE,20,1,5,2026420104,0,1000003,,
L-SRTDE,20,1,6,2026420105,0,1000003,,
L-SRTDE,20,1,7,2026420106,0,1000003,,
L-SRTDE,20,1,8,2026420107,0,1000003,,
L-SRTDE,20,1,9,2026420108,0,1000003,,
L-SRTDE,20,1,10,2026420109,0,1000003,,
L-SRTDE,20,1,11,2026420110,0,1000003,,
L-SRTDE,20,1,12,2026420111,0,1000003,,
L-SRTDE,20,1,13,2026420112,0,1000003,,
L-SRTDE,20,1,14,2026420113,0,1000003,,
L-SRTDE,20,1,15,2026420114,0,1000003,,
L-SRTDE,20,1,16,2026420115,0,1000003,,
L-SRTDE,20,1,17,2026420116,0,1000003,,
L-SRTDE,20,1,18,2026420117,0,1000003,,
L-SRTDE,20,1,19,2026420118,0,1000003,,
L-SRTDE,20,1,20,2026420119,0,1000003,,
L-SRTDE,20,1,21,2026420120,0,1000003,,
L-SRTDE,20,1,22,2026420121,0,1000003,,
L-SRTDE,20,1,23,2026420122,0,1000003,,
L-SRTDE,20,1,24,2026420123,0,1000003,,
L-SRTDE,20,1,25,2026420124,0,1000003,,
L-SRTDE,20,1,26,2026420125,0,1000003,,
L-SRTDE,20,1,27,2026420126,0,1000003,,
L-SRTDE,20,1,28,2026420127,0,1000003,,
L-SRTDE,20,1,29,2026420128,0,1000003,,
L-SRTDE,20,1,30,2026420129,0,1000003,,
L-SRTDE,20,2,1,2026420200,44.89546931745127,1000003,,
L-SRTDE,20,2,2,2026420201,44.89546931745127,1000003,,
L-SRTDE,20,2,3,2026420202,44.89546931745127,1000003,,
L-SRTDE,20,2,4,2026420203,44.89546931745127,1000003,,
L-SRTDE,20,2,5,2026420204,44.89546931745127,1000003,,
L-SRTDE,20,2,6,2026420205,49.08447897948116,1000003,,
L-SRTDE,20,2,7,2026420206,44.89546931745127,1000003,,
L-SRTDE,20,2,8,2026420207,44.89546931745127,1000003,,
L-SRTDE,20,2,9,2026420208,44.89546931745127,1000003,,
L-SRTDE,20,2,10,2026420209,44.89546931745127,1000003,,
L-SRTDE,20,2,11,2026420210,44.89546931745127,1000003,,
L-SRTDE,20,2,12,2026420211,44.89546931745127,1000003,,
L-SRTDE,20,2,13,2026420212,44.89546931745127,1000003,,
L-SRTDE,20,2,14,2026420213,44.89546931745127,1000003,,
L-SRTDE,20,2,15,2026420214,44.89546931745127,1000003,,
L-SRTDE,20,2,16,2026420215,44.89546931745127,1000003,,
L-SRTDE,20,2,17,2026420216,44.89546931745127,1000003,,
L-SRTDE,20,2,18,2026420217,44.89546931745127,1000003,,
L-SRTDE,20,2,19,2026420218,44.89546931745127,1000003,,
L-SRTDE,20,2,20,2026420219,44.89546931745127,1000003,,
L-SRTDE,20,2,21,2026420220,44.89546931745127,1000003,,
L-SRTDE,20,2,22,2026420221,44.89546931745127,1000003,,
L-SRTDE,20,2,23,2026420222,44.89546931745127,1000003,,
L-SRTDE,20,2,24,2026420223,44.89546931745127,1000003,,
L-SRTDE,20,2,25,2026420224,44.89546931745127,1000003,,
L-SRTDE,20,2,26,2026420225,49.08447897948116,1000003,,
L-SRTDE,20,2,27,2026420226,44.89546931745127,1000003,,
L-SRTDE,20,2,28,2026420227,44.89546931745127,1000003,,
L-SRTDE,20,2,29,2026420228,44.89546931745127,1000003,,
L-SRTDE,20,2,30,2026420229,44.89546931745127,1000003,,
L-SRTDE,20,3,1,2026420300,0,1000003,,
L-SRTDE,20,3,2,2026420301,0,1000003,,
L-SRTDE,20,3,3,2026420302,0,1000003,,
L-SRTDE,20,3,4,2026420303,0,1000003,,
L-SRTDE,20,3,5,2026420304,0,1000003,,
L-SRTDE,20,3,6,2026420305,0,1000003,,
L-SRTDE,20,3,7,2026420306,0,1000003,,
L-SRTDE,20,3,8,2026420307,0,1000003,,
L-SRTDE,20,3,9,2026420308,0,1000003,,
L-SRTDE,20,3,10,2026420309,0,1000003,,
L-SRTDE,20,3,11,2026420310,0,1000003,,
L-SRTDE,20,3,12,2026420311,0,1000003,,
L-SRTDE,20,3,13,2026420312,0,1000003,,
L-SRTDE,20,3,14,2026420313,0,1000003,,
L-SRTDE,20,3,15,2026420314,0,1000003,,
L-SRTDE,20,3,16,2026420315,0,1000003,,
L-SRTDE,20,3,17,2026420316,0,1000003,,
L-SRTDE,20,3,18,2026420317,0,1000003,,
L-SRTDE,20,3,19,2026420318,0,1000003,,
L-SRTDE,20,3,20,2026420319,0,1000003,,
L-SRTDE,20,3,21,2026420320,0,1000003,,
L-SRTDE,20,3,22,2026420321,0,1000003,,
L-SRTDE,20,3,23,2026420322,0,1000003,,
L-SRTDE,20,3,24,2026420323,0,1000003,,
L-SRTDE,20,3,25,2026420324,0,1000003,,
L-SRTDE,20,3,26,2026420325,0,1000003,,
L-SRTDE,20,3,27,2026420326,0,1000003,,
L-SRTDE,20,3,28,2026420327,0,1000003,,
L-SRTDE,20,3,29,2026420328,0,1000003,,
L-SRTDE,20,3,30,2026420329,0,1000003,,
L-SRTDE,20,4,1,2026420400,1.9899181141865938,1000003,,
L-SRTDE,20,4,2,2026420401,0.9949590570932969,1000003,,
L-SRTDE,20,4,3,2026420402,0.9949590570932969,1000003,,
L-SRTDE,20,4,4,2026420403,0.9949590570932969,1000003,,
L-SRTDE,20,4,5,2026420404,0,1000003,,
L-SRTDE,20,4,6,2026420405,1.9899181141865938,1000003,,
L-SRTDE,20,4,7,2026420406,0.9949590570932969,1000003,,
L-SRTDE,20,4,8,2026420407,1.9899181141865938,1000003,,
L-SRTDE,20,4,9,2026420408,0,1000003,,
L-SRTDE,20,4,10,2026420409,2.9848771712798907,1000003,,
L-SRTDE,20,4,11,2026420410,0.9949590570932969,1000003,,
L-SRTDE,20,4,12,2026420411,0.9949590570932969,1000003,,
L-SRTDE,20,4,13,2026420412,0,1000003,,
L-SRTDE,20,4,14,2026420413,1.9899181141865938,1000003,,
L-SRTDE,20,4,15,2026420414,0.9949590570932969,1000003,,
L-SRTDE,20,4,16,2026420415,0.9949590570932969,1000003,,
L-SRTDE,20,4,17,2026420416,0,1000003,,
L-SRTDE,20,4,18,2026420417,0,1000003,,
L-SRTDE,20,4,19,2026420418,0.9949590570932969,1000003,,
L-SRTDE,20,4,20,2026420419,0.9949590570932969,1000003,,
L-SRTDE,20,4,21,2026420420,0,1000003,,
L-SRTDE,20,4,22,2026420421,0,1000003,,
L-SRTDE,20,4,23,2026420422,0.9949590570932969,1000003,,
L-SRTDE,20,4,24,2026420423,0.9949590570932969,1000003,,
L-SRTDE,20,4,25,2026420424,0.9949590570932969,1000003,,
L-SRTDE,20,4,26,2026420425,2.9848771712798907,1000003,,
L-SRTDE,20,4,27,2026420426,0.9949590570932969,1000003,,
L-SRTDE,20,4,28,2026420427,0.9949590570932969,1000003,,
L-SRTDE,20,4,29,2026420428,1.9899181141865938,1000003,,
L-SRTDE,20,4,30,2026420429,0.9949590570932969,1000003,,
L-SRTDE,20,5,1,2026420500,0,1000003,,
L-SRTDE,20,5,2,2026420501,0,1000003,,
L-SRTDE,20,5,3,2026420502,0,1000003,,
L-SRTDE,20,5,4,2026420503,0,1000003,,
L-SRTDE,20,5,5,2026420504,0,1000003,,
L-SRTDE,20,5,6,2026420505,0,1000003,,
L-SRTDE,20,5,7,2026420506,0,1000003,,
L-SRTDE,20,5,8,2026420507,0,1000003,,
L-SRTDE,20,5,9,2026420508,0,1000003,,
L-SRTDE,20,5,10,2026420509,0,1000003,,
L-SRTDE,20,5,11,2026420510,0,1000003,,
L-SRTDE,20,5,12,2026420511,0,1000003,,
L-SRTDE,20,5,13,2026420512,0,1000003,,
L-SRTDE,20,5,14,2026420513,0,1000003,,
L-SRTDE,20,5,15,2026420514,0,1000003,,
L-SRTDE,20,5,16,2026420515,0,1000003,,
L-SRTDE,20,5,17,2026420516,0,1000003,,
L-SRTDE,20,5,18,2026420517,0,1000003,,
L-SRTDE,20,5,19,2026420518,0,1000003,,
L-SRTDE,20,5,20,2026420519,0,1000003,,
L-SRTDE,20,5,21,2026420520,0,1000003,,
L-SRTDE,20,5,22,2026420521,0,1000003,,
L-SRTDE,20,5,23,2026420522,0,1000003,,
L-SRTDE,20,5,24,2026420523,0,1000003,,
L-SRTDE,20,5,25,2026420524,0,1000003,,
L-SRTDE,20,5,26,2026420525,0,1000003,,
L-SRTDE,20,5,27,2026420526,0,1000003,,
L-SRTDE,20,5,28,2026420527,0,1000003,,
L-SRTDE,20,5,29,2026420528,0,1000003,,
L-SRTDE,20,5,30,2026420529,0,1000003,,
L-SRTDE,20,6,1,2026420600,0.5,1000003,,
L-SRTDE,20,6,2,2026420601,0.5,1000003,,
L-SRTDE,20,6,3,2026420602,0.5,1000003,,
L-SRTDE,20,6,4,2026420603,0.5,1000003,,
L-SRTDE,20,6,5,2026420604,0.5,1000003,,
L-SRTDE,20,6,6,2026420605,0.5,1000003,,
L-SRTDE,20,6,7,2026420606,0.5,1000003,,
L-SRTDE,20,6,8,2026420607,0.5,1000003,,
L-SRTDE,20,6,9,2026420608,0.4999999999949978,1000003,,
L-SRTDE,20,6,10,2026420609,0.4980914076245426,1000003,,
L-SRTDE,20,6,11,2026420610,0.5,1000003,,
L-SRTDE,20,6,12,2026420611,0.4999999999758984,1000003,,
L-SRTDE,20,6,13,2026420612,0.5,1000003,,
L-SRTDE,20,6,14,2026420613,0.474203519951061,1000003,,
L-SRTDE,20,6,15,2026420614,0.5,1000003,,
L-SRTDE,20,6,16,2026420615,0.5,1000003,,
L-SRTDE,20,6,17,2026420616,0.5,1000003,,
L-SRTDE,20,6,18,2026420617,0.5,1000003,,
L-SRTDE,20,6,19,2026420618,0.5,1000003,,
L-SRTDE,20,6,20,2026420619,0.4999984105272688,1000003,,
L-SRTDE,20,6,21,2026420620,0.5,1000003,,
L-SRTDE,20,6,22,2026420621,0.5,1000003,,
L-SRTDE,20,6,23,2026420622,1.4949590570931832,1000003,,
L-SRTDE,20,6,24,2026420623,0.49999999486726665,1000003,,
L-SRTDE,20,6,25,2026420624,0.5,1000003,,
L-SRTDE,20,6,26,2026420625,0.4999999999947704,1000003,,
L-SRTDE,20,6,27,2026420626,0.4999999823653525,1000003,,
L-SRTDE,20,6,28,2026420627,0.5,1000003,,
L-SRTDE,20,6,29,2026420628,0.49988033441081825,1000003,,
L-SRTDE,20,6,30,2026420629,0.4999983811826496,1000003,,
L-SRTDE,20,7,1,2026420700,0.31217325598140633,1000003,,
L-SRTDE,20,7,2,2026420701,0,1000003,,
L-SRTDE,20,7,3,2026420702,0,1000003,,
L-SRTDE,20,7,4,2026420703,0.31217325598140633,1000003,,
L-SRTDE,20,7,5,2026420704,0.31217325598140633,1000003,,
L-SRTDE,20,7,6,2026420705,0.31217325598140633,1000003,,
L-SRTDE,20,7,7,2026420706,0,1000003,,
L-SRTDE,20,7,8,2026420707,0.31217325598140633,1000003,,
L-SRTDE,20,7,9,2026420708,0,1000003,,
L-SRTDE,20,7,10,2026420709,0.6243465119628127,1000003,,
L-SRTDE,20,7,11,2026420710,0.31217325598140633,1000003,,
L-SRTDE,20,7,12,2026420711,0,1000003,,
L-SRTDE,20,7,13,2026420712,0.31217325598140633,1000003,,
L-SRTDE,20,7,14,2026420713,0.31217325598140633,1000003,,
L-SRTDE,20,7,15,2026420714,0.31217325598140633,1000003,,
L-SRTDE,20,7,16,2026420715,0.6243465119628127,1000003,,
L-SRTDE,20,7,17,2026420716,0.31217325598140633,1000003,,
L-SRTDE,20,7,18,2026420717,0.6243465119628127,1000003,,
L-SRTDE,20,7,19,2026420718,0.31217325598140633,1000003,,
L-SRTDE,20,7,20,2026420719,0.6243465119628127,1000003,,
L-SRTDE,20,7,21,2026420720,0.6243465119628127,1000003,,
L-SRTDE,20,7,22,2026420721,0,1000003,,
L-SRTDE,20,7,23,2026420722,0.31217325598140633,1000003,,
L-SRTDE,20,7,24,2026420723,0.31217325598140633,1000003,,
L-SRTDE,20,7,25,2026420724,0.31217325598140633,1000003,,
L-SRTDE,20,7,26,2026420725,0.31217325598140633,1000003,,
L-SRTDE,20,7,27,2026420726,0.31217325598140633,1000003,,
L-SRTDE,20,7,28,2026420727,0.6243465119628127,1000003,,
L-SRTDE,20,7,29,2026420728,0.31217325598140633,1000003,,
L-SRTDE,20,7,30,2026420729,0.6243465119628127,1000003,,
L-SRTDE,20,8,1,2026420800,20.277604280374362,1000003,,
L-SRTDE,20,8,2,2026420801,0.34803039565031213,1000003,,
L-SRTDE,20,8,3,2026420802,0.3143308657545276,1000003,,
L-SRTDE,20,8,4,2026420803,0.3041158092510159,1000003,,
L-SRTDE,20,8,5,2026420804,20.60722572213581,1000003,,
L-SRTDE,20,8,6,2026420805,0.3304459555406538,1000003,,
L-SRTDE,20,8,7,2026420806,20.920013478971214,1000003,,
L-SRTDE,20,8,8,2026420807,23.19989392276375,1000003,,
L-SRTDE,20,8,9,2026420808,0.607508208526724,1000003,,
L-SRTDE,20,8,10,2026420809,0.798934901679786,1000003,,
L-SRTDE,20,8,11,2026420810,0.1410498166983416,1000003,,
L-SRTDE,20,8,12,2026420811,20.636136500604607,1000003,,
L-SRTDE,20,8,13,2026420812,20.578661230236776,1000003,,
L-SRTDE,20,8,14,2026420813,0.39085683025632534,1000003,,
L-SRTDE,20,8,15,2026420814,0.37274914414683735,1000003,,
L-SRTDE,20,8,16,2026420815,0.6192302747062968,1000003,,
L-SRTDE,20,8,17,2026420816,0.9339560793773671,1000003,,
L-SRTDE,20,8,18,2026420817,0.8082505393035717,1000003,,
L-SRTDE,20,8,19,2026420818,20.455066846850514,1000003,,
L-SRTDE,20,8,20,2026420819,0.41286549765254676,1000003,,
L-SRTDE,20,8,21,2026420820,20.325832452487703,1000003,,
L-SRTDE,20,8,22,2026420821,0.6105294442941158,1000003,,
L-SRTDE,20,8,23,2026420822,0.5853434774853667,1000003,,
L-SRTDE,20,8,24,2026420823,1.029673008430109,1000003,,
L-SRTDE,20,8,25,2026420824,0.6182655007410176,1000003,,
L-SRTDE,20,8,26,2026420825,0.422899712410981,1000003,,
L-SRTDE,20,8,27,2026420826,20.643733871857876,1000003,,
L-SRTDE,20,8,28,2026420827,20.97928526517444,1000003,,
L-SRTDE,20,8,29,2026420828,22.234648571736216,1000003,,
L-SRTDE,20,8,30,2026420829,0.6066864040772089,1000003,,
L-SRTDE,20,9,1,2026420900,180.78127167774664,1000003,,
L-SRTDE,20,9,2,2026420901,180.78127167774664,1000003,,
L-SRTDE,20,9,3,2026420902,180.78127167774664,1000003,,
L-SRTDE,20,9,4,2026420903,180.78127167774664,1000003,,
L-SRTDE,20,9,5,2026420904,180.78127167774664,1000003,,
L-SRTDE,20,9,6,2026420905,180.78127167774664,1000003,,
L-SRTDE,20,9,7,2026420906,180.78127167774664,1000003,,
L-SRTDE,20,9,8,2026420907,180.78127167774664,1000003,,
L-SRTDE,20,9,9,2026420908,180.78127167774664,1000003,,
L-SRTDE,20,9,10,2026420909,180.78127167774664,1000003,,
L-SRTDE,20,9,11,2026420910,180.78127167774664,1000003,,
L-SRTDE,20,9,12,2026420911,180.78127167774664,1000003,,
L-SRTDE,20,9,13,2026420912,180.78127167774664,1000003,,
L-SRTDE,20,9,14,2026420913,180.78127167774664,1000003,,
L-SRTDE,20,9,15,2026420914,180.78127167774664,1000003,,
L-SRTDE,20,9,16,2026420915,180.78127167774664,1000003,,
L-SRTDE,20,9,17,2026420916,180.78127167774664,1000003,,
L-SRTDE,20,9,18,2026420917,180.78127167774664,1000003,,
L-SRTDE,20,9,19,2026420918,180.78127167774664,1000003,,
L-SRTDE,20,9,20,2026420919,180.78127167774664,1000003,,
L-SRTDE,20,9,21,2026420920,180.78127167774664,1000003,,
L-SRTDE,20,9,22,2026420921,180.78127167774664,1000003,,
L-SRTDE,20,9,23,2026420922,180.78127167774664,1000003,,
L-SRTDE,20,9,24,2026420923,180.78127167774664,1000003,,
L-SRTDE,20,9,25,2026420924,180.78127167774664,1000003,,
L-SRTDE,20,9,26,2026420925,180.78127167774664,1000003,,
L-SRTDE,20,9,27,2026420926,180.78127167774664,1000003,,
L-SRTDE,20,9,28,2026420927,180.78127167774664,1000003,,
L-SRTDE,20,9,29,2026420928,180.78127167774664,1000003,,
L-SRTDE,20,9,30,2026420929,180.78127167774664,1000003,,
L-SRTDE,20,10,1,2026421000,209.28248254841765,1000003,,
L-SRTDE,20,10,2,2026421001,100.17002751406653,1000003,,
L-SRTDE,20,10,3,2026421002,100.17865984639911,1000003,,
L-SRTDE,20,10,4,2026421003,100.24533995737193,1000003,,
L-SRTDE,20,10,5,2026421004,100.18875522539611,1000003,,
L-SRTDE,20,10,6,2026421005,100.21049699816149,1000003,,
L-SRTDE,20,10,7,2026421006,100.23579964849114,1000003,,
L-SRTDE,20,10,8,2026421007,100.25792188210517,1000003,,
L-SRTDE,20,10,9,2026421008,100.18750624655559,1000003,,
L-SRTDE,20,10,10,2026421009,100.19572422547526,1000003,,
L-SRTDE,20,10,11,2026421010,100.20766936281689,1000003,,
L-SRTDE,20,10,12,2026421011,100.26386288478625,1000003,,
L-SRTDE,20,10,13,2026421012,100.22512534255839,1000003,,
L-SRTDE,20,10,14,2026421013,100.20297481219086,1000003,,
L-SRTDE,20,10,15,2026421014,100.24070452142496,1000003,,
L-SRTDE,20,10,16,2026421015,100.18059175800954,1000003,,
L-SRTDE,20,10,17,2026421016,100.21956049284199,1000003,,
L-SRTDE,20,10,18,2026421017,100.2061230831614,1000003,,
L-SRTDE,20,10,19,2026421018,100.21780091617256,1000003,,
L-SRTDE,20,10,20,2026421019,100.24944306890075,1000003,,
L-SRTDE,20,10,21,2026421020,100.22227143187683,1000003,,
L-SRTDE,20,10,22,2026421021,100.21371501439626,1000003,,
L-SRTDE,20,10,23,2026421022,100.18537246571441,1000003,,
L-SRTDE,20,10,24,2026421023,100.2149881560249,1000003,,
L-SRTDE,20,10,25,2026421024,100.19434756833653,1000003,,
L-SRTDE,20,10,26,2026421025,100.2503632968428,1000003,,
L-SRTDE,20,10,27,2026421026,100.21320907739027,1000003,,
L-SRTDE,20,10,28,2026421027,100.22779585501348,1000003,,
L-SRTDE,20,10,29,2026421028,100.18803302307515,1000003,,
L-SRTDE,20,10,30,2026421029,100.19961150568315,1000003,,
L-SRTDE,20,11,1,2026421100,300.00000000000045,1000003,,
L-SRTDE,20,11,2,2026421101,300.00000000000045,1000003,,
L-SRTDE,20,11,3,2026421102,300.00000000000045,1000003,,
L-SRTDE,20,11,4,2026421103,400.00000000000045,1000003,,
L-SRTDE,20,11,5,2026421104,400.00000000000045,1000003,,
L-SRTDE,20,11,6,2026421105,300.00000000000045,1000003,,
L-SRTDE,20,11,7,2026421106,300.00000000000045,1000003,,
L-SRTDE,20,11,8,2026421107,300.00000000000045,1000003,,
L-SRTDE,20,11,9,2026421108,300.00000000000045,1000003,,
L-SRTDE,20,11,10,2026421109,300.00000000000045,1000003,,
L-SRTDE,20,11,11,2026421110,300.00000000000045,1000003,,
L-SRTDE,20,11,12,2026421111,400.00000000000045,1000003,,
L-SRTDE,20,11,13,2026421112,400.00000000000045,1000003,,
L-SRTDE,20,11,14,2026421113,300.00000000000045,1000003,,
L-SRTDE,20,11,15,2026421114,300.00000000000045,1000003,,
L-SRTDE,20,11,16,2026421115,300.00000000000045,1000003,,
L-SRTDE,20,11,17,2026421116,300.00000000000045,1000003,,
L-SRTDE,20,11,18,2026421117,300.00000000000045,1000003,,
L-SRTDE,20,11,19,2026421118,300.00000000000045,1000003,,
L-SRTDE,20,11,20,2026421119,300.00000000000045,1000003,,
L-SRTDE,20,11,21,2026421120,300.00000000000045,1000003,,
L-SRTDE,20,11,22,2026421121,300.00000000000045,1000003,,
L-SRTDE,20,11,23,2026421122,300.00000000000045,1000003,,
L-SRTDE,20,11,24,2026421123,300.00000000000045,1000003,,
L-SRTDE,20,11,25,2026421124,400.00000000000045,1000003,,
L-SRTDE,20,11,26,2026421125,300.00000000000045,1000003,,
L-SRTDE,20,11,27,2026421126,300.00000000000045,1000003,,
L-SRTDE,20,11,28,2026421127,300.00000000000045,1000003,,
L-SRTDE,20,11,29,2026421128,300.00000000000045,1000003,,
L-SRTDE,20,11,30,2026421129,300.00000000000045,1000003,,
L-SRTDE,20,12,1,2026421200,231.7372246644395,1000003,,
L-SRTDE,20,12,2,2026421201,231.7372246644395,1000003,,
L-SRTDE,20,12,3,2026421202,231.80673736975405,1000003,,
L-SRTDE,20,12,4,2026421203,232.86491238158987,1000003,,
L-SRTDE,20,12,5,2026421204,231.2537611420821,1000003,,
L-SRTDE,20,12,6,2026421205,238.28439619072378,1000003,,
L-SRTDE,20,12,7,2026421206,231.80673736975405,1000003,,
L-SRTDE,20,12,8,2026421207,232.87683842313209,1000003,,
L-SRTDE,20,12,9,2026421208,233.11109395539006,1000003,,
L-SRTDE,20,12,10,2026421209,239.72915782989003,1000003,,
L-SRTDE,20,12,11,2026421210,232.92745356877958,1000003,,
L-SRTDE,20,12,12,2026421211,231.80673736975405,1000003,,
L-SRTDE,20,12,13,2026421212,235.72751849739916,1000003,,
L-SRTDE,20,12,14,2026421213,232.56229600140296,1000003,,
L-SRTDE,20,12,15,2026421214,232.92017685310702,1000003,,
L-SRTDE,20,12,16,2026421215,237.82020726006522,1000003,,
L-SRTDE,20,12,17,2026421216,234.03036537282833,1000003,,
L-SRTDE,20,12,18,2026421217,231.80673736975405,1000003,,
L-SRTDE,20,12,19,2026421218,231.7372246644395,1000003,,
L-SRTDE,20,12,20,2026421219,231.80673736975405,1000003,,
L-SRTDE,20,12,21,2026421220,232.25870470555037,1000003,,
L-SRTDE,20,12,22,2026421221,232.8443281178179,1000003,,
L-SRTDE,20,12,23,2026421222,232.25870470555037,1000003,,
L-SRTDE,20,12,24,2026421223,232.56229600140296,1000003,,
L-SRTDE,20,12,25,2026421224,238.84752486611342,1000003,,
L-SRTDE,20,12,26,2026421225,231.7372246644395,1000003,,
L-SRTDE,20,12,27,2026421226,231.80673736975405,1000003,,
L-SRTDE,20,12,28,2026421227,240.13754208998353,1000003,,
L-SRTDE,20,12,29,2026421228,231.80673736975405,1000003,,
L-SRTDE,20,12,30,2026421229,232.86874315502382,1000003,,
PMJMO-X2f-frozen,10,1,1,2026320100,0,200000,300,35.379856
PMJMO-X2f-frozen,10,1,2,2026320101,0,200000,300,35.45253
PMJMO-X2f-frozen,10,1,3,2026320102,0,200000,300,35.298999
PMJMO-X2f-frozen,10,1,4,2026320103,0,200000,300,30.658243
PMJMO-X2f-frozen,10,1,5,2026320104,0,200000,300,35.267326
PMJMO-X2f-frozen,10,1,6,2026320105,0,200000,300,34.929257
PMJMO-X2f-frozen,10,1,7,2026320106,0,200000,300,35.010056
PMJMO-X2f-frozen,10,1,8,2026320107,0,200000,300,35.160265
PMJMO-X2f-frozen,10,1,9,2026320108,0,200000,300,35.073137
PMJMO-X2f-frozen,10,1,10,2026320109,0,200000,300,35.237202
PMJMO-X2f-frozen,10,1,11,2026320110,0,200000,300,30.854053
PMJMO-X2f-frozen,10,1,12,2026320111,0,200000,300,35.146567
PMJMO-X2f-frozen,10,1,13,2026320112,0,200000,300,35.03804
PMJMO-X2f-frozen,10,1,14,2026320113,0,200000,300,30.655275
PMJMO-X2f-frozen,10,1,15,2026320114,0,200000,300,35.128328
PMJMO-X2f-frozen,10,1,16,2026320115,0,200000,300,35.30473
PMJMO-X2f-frozen,10,1,17,2026320116,0,200000,300,35.204294
PMJMO-X2f-frozen,10,1,18,2026320117,0,200000,300,35.284432
PMJMO-X2f-frozen,10,1,19,2026320118,0,200000,300,35.464519
PMJMO-X2f-frozen,10,1,20,2026320119,0,200000,300,35.12625
PMJMO-X2f-frozen,10,1,21,2026320120,0,200000,300,35.083089
PMJMO-X2f-frozen,10,1,22,2026320121,0,200000,300,35.127019
PMJMO-X2f-frozen,10,1,23,2026320122,0,200000,300,35.261894
PMJMO-X2f-frozen,10,1,24,2026320123,0,200000,300,35.053956
PMJMO-X2f-frozen,10,1,25,2026320124,0,200000,300,30.677584
PMJMO-X2f-frozen,10,1,26,2026320125,0,200000,300,35.15125
PMJMO-X2f-frozen,10,1,27,2026320126,0,200000,300,30.757778
PMJMO-X2f-frozen,10,1,28,2026320127,0,200000,300,30.638083
PMJMO-X2f-frozen,10,1,29,2026320128,0,200000,300,35.003516
PMJMO-X2f-frozen,10,1,30,2026320129,0,200000,300,35.034633
PMJMO-X2f-frozen,10,2,1,2026320200,3.986579112347158,200000,403.98657911234716,34.981942
PMJMO-X2f-frozen,10,2,2,2026320201,3.986579112347158,200000,403.98657911234716,34.535287
PMJMO-X2f-frozen,10,2,3,2026320202,3.986579112347158,200000,403.98657911234716,34.574139
PMJMO-X2f-frozen,10,2,4,2026320203,0,200000,400,35.11118
PMJMO-X2f-frozen,10,2,5,2026320204,3.986579112347158,200000,403.98657911234716,34.853507
PMJMO-X2f-frozen,10,2,6,2026320205,8.916101927781312,200000,408.9161019277813,34.714709
PMJMO-X2f-frozen,10,2,7,2026320206,0,200000,400,34.346864
PMJMO-X2f-frozen,10,2,8,2026320207,3.986579112347158,200000,403.98657911234716,34.726666
PMJMO-X2f-frozen,10,2,9,2026320208,3.986579112347158,200000,403.98657911234716,34.761446
PMJMO-X2f-frozen,10,2,10,2026320209,3.986579112347158,200000,403.98657911234716,34.739513
PMJMO-X2f-frozen,10,2,11,2026320210,0,200000,400,34.550933
PMJMO-X2f-frozen,10,2,12,2026320211,0,200000,400,34.593804
PMJMO-X2f-frozen,10,2,13,2026320212,8.916101927781312,200000,408.9161019277813,34.588577
PMJMO-X2f-frozen,10,2,14,2026320213,3.986579112347158,200000,403.98657911234716,34.459037
PMJMO-X2f-frozen,10,2,15,2026320214,70.78108381405559,200000,470.7810838140556,34.867946
PMJMO-X2f-frozen,10,2,16,2026320215,0,200000,400,34.493954
PMJMO-X2f-frozen,10,2,17,2026320216,0,200000,400,34.692035
PMJMO-X2f-frozen,10,2,18,2026320217,0,200000,400,34.848963
PMJMO-X2f-frozen,10,2,19,2026320218,0,200000,400,34.489446
PMJMO-X2f-frozen,10,2,20,2026320219,8.916101927781312,200000,408.9161019277813,34.499131
PMJMO-X2f-frozen,10,2,21,2026320220,0,200000,400,34.779178
PMJMO-X2f-frozen,10,2,22,2026320221,0,200000,400,34.526061
PMJMO-X2f-frozen,10,2,23,2026320222,3.986579112347158,200000,403.98657911234716,34.46026
PMJMO-X2f-frozen,10,2,24,2026320223,0,200000,400,34.739644
PMJMO-X2f-frozen,10,2,25,2026320224,70.78108381405559,200000,470.7810838140556,34.796416
PMJMO-X2f-frozen,10,2,26,2026320225,8.916101927781312,200000,408.9161019277813,34.519654
PMJMO-X2f-frozen,10,2,27,2026320226,8.916101927781312,200000,408.9161019277813,34.432351
PMJMO-X2f-frozen,10,2,28,2026320227,8.916101927781312,200000,408.9161019277813,34.421725
PMJMO-X2f-frozen,10,2,29,2026320228,0,200000,400,34.588508
PMJMO-X2f-frozen,10,2,30,2026320229,8.916101927781312,200000,408.9161019277813,34.742071
PMJMO-X2f-frozen,10,3,1,2026320300,0,200000,600,26.251087
PMJMO-X2f-frozen,10,3,2,2026320301,0,200000,600,26.39133
PMJMO-X2f-frozen,10,3,3,2026320302,0,200000,600,26.30044
PMJMO-X2f-frozen,10,3,4,2026320303,0,200000,600,26.084399
PMJMO-X2f-frozen,10,3,5,2026320304,0,200000,600,25.956387
PMJMO-X2f-frozen,10,3,6,2026320305,0,200000,600,25.991851
PMJMO-X2f-frozen,10,3,7,2026320306,0,200000,600,26.220189
PMJMO-X2f-frozen,10,3,8,2026320307,0,200000,600,26.352839
PMJMO-X2f-frozen,10,3,9,2026320308,0,200000,600,26.146632
PMJMO-X2f-frozen,10,3,10,2026320309,0,200000,600,26.178326
PMJMO-X2f-frozen,10,3,11,2026320310,0,200000,600,26.280114
PMJMO-X2f-frozen,10,3,12,2026320311,0,200000,600,26.093151
PMJMO-X2f-frozen,10,3,13,2026320312,0,200000,600,26.240502
PMJMO-X2f-frozen,10,3,14,2026320313,0,200000,600,26.268904
PMJMO-X2f-frozen,10,3,15,2026320314,0,200000,600,26.159938
PMJMO-X2f-frozen,10,3,16,2026320315,0,200000,600,26.129553
PMJMO-X2f-frozen,10,3,17,2026320316,0,200000,600,26.217454
PMJMO-X2f-frozen,10,3,18,2026320317,0,200000,600,26.345314
PMJMO-X2f-frozen,10,3,19,2026320318,0,200000,600,26.200542
PMJMO-X2f-frozen,10,3,20,2026320319,0,200000,600,26.125412
PMJMO-X2f-frozen,10,3,21,2026320320,0,200000,600,26.149401
PMJMO-X2f-frozen,10,3,22,2026320321,0,200000,600,26.117199
PMJMO-X2f-frozen,10,3,23,2026320322,0,200000,600,26.261699
PMJMO-X2f-frozen,10,3,24,2026320323,0,200000,600,26.369574
PMJMO-X2f-frozen,10,3,25,2026320324,0,200000,600,26.270921
PMJMO-X2f-frozen,10,3,26,2026320325,0,200000,600,26.231193
PMJMO-X2f-frozen,10,3,27,2026320326,0,200000,600,26.241234
PMJMO-X2f-frozen,10,3,28,2026320327,0,200000,600,26.187359
PMJMO-X2f-frozen,10,3,29,2026320328,0,200000,600,26.311438
PMJMO-X2f-frozen,10,3,30,2026320329,0,200000,600,26.344721
PMJMO-X2f-frozen,10,4,1,2026320400,2.9848771712798907,200000,802.9848771712799,30.190972
PMJMO-X2f-frozen,10,4,2,2026320401,5.969823089928013,200000,805.969823089928,29.29588
PMJMO-X2f-frozen,10,4,3,2026320402,4.974816317828754,200000,804.9748163178288,29.09808
PMJMO-X2f-frozen,10,4,4,2026320403,4.974881955558203,200000,804.9748819555582,28.848413
PMJMO-X2f-frozen,10,4,5,2026320404,4.9747952854664845,200000,804.9747952854665,29.27132
PMJMO-X2f-frozen,10,4,6,2026320405,5.969754342559781,200000,805.9697543425598,30.311873
PMJMO-X2f-frozen,10,4,7,2026320406,8.954626476020621,200000,808.9546264760206,29.686545
PMJMO-X2f-frozen,10,4,8,2026320407,2.9848771712798907,200000,802.9848771712799,30.688313
PMJMO-X2f-frozen,10,4,9,2026320408,7.959667418927324,200000,807.9596674189273,30.593348
PMJMO-X2f-frozen,10,4,10,2026320409,2.984928088518245,200000,802.9849280885182,30.058522
PMJMO-X2f-frozen,10,4,11,2026320410,5.969754342559781,200000,805.9697543425598,30.520046
PMJMO-X2f-frozen,10,4,12,2026320411,4.9747952854664845,200000,804.9747952854665,30.42997
PMJMO-X2f-frozen,10,4,13,2026320412,2.9848771712798907,200000,802.9848771712799,30.485563
PMJMO-X2f-frozen,10,4,14,2026320413,3.9798362283731876,200000,803.9798362283732,29.93729
PMJMO-X2f-frozen,10,4,15,2026320414,6.9647083618340275,200000,806.964708361834,30.742151
PMJMO-X2f-frozen,10,4,16,2026320415,4.9747952854664845,200000,804.9747952854665,30.33974
PMJMO-X2f-frozen,10,4,17,2026320416,2.984895866479633,200000,802.9848958664796,29.748101
PMJMO-X2f-frozen,10,4,18,2026320417,2.984877171281596,200000,802.9848771712816,29.910275
PMJMO-X2f-frozen,10,4,19,2026320418,3.9798362283731876,200000,803.9798362283732,30.031095
PMJMO-X2f-frozen,10,4,20,2026320419,2.984877341524907,200000,802.9848773415249,29.59537
PMJMO-X2f-frozen,10,4,21,2026320420,4.9747952854664845,200000,804.9747952854665,30.326649
PMJMO-X2f-frozen,10,4,22,2026320421,4.9747952854664845,200000,804.9747952854665,30.084203
PMJMO-X2f-frozen,10,4,23,2026320422,2.9848771712798907,200000,802.9848771712799,30.031949
PMJMO-X2f-frozen,10,4,24,2026320423,4.9747952854664845,200000,804.9747952854665,29.743928
PMJMO-X2f-frozen,10,4,25,2026320424,4.9747952854664845,200000,804.9747952854665,30.627323
PMJMO-X2f-frozen,10,4,26,2026320425,2.9848771712798907,200000,802.9848771712799,30.2202
PMJMO-X2f-frozen,10,4,27,2026320426,7.95968862349946,200000,807.9596886234995,29.506138
PMJMO-X2f-frozen,10,4,28,2026320427,1.9899701135254872,200000,801.9899701135255,29.611998
PMJMO-X2f-frozen,10,4,29,2026320428,2.984902732964315,200000,802.9849027329643,29.420176
PMJMO-X2f-frozen,10,4,30,2026320429,4.9747952854664845,200000,804.9747952854665,29.992764
PMJMO-X2f-frozen,10,5,1,2026320500,0,200000,900,34.638702
PMJMO-X2f-frozen,10,5,2,2026320501,0,200000,900,34.437571
PMJMO-X2f-frozen,10,5,3,2026320502,0,200000,900,34.533961
PMJMO-X2f-frozen,10,5,4,2026320503,0,200000,900,34.510241
PMJMO-X2f-frozen,10,5,5,2026320504,0,200000,900,34.267768
PMJMO-X2f-frozen,10,5,6,2026320505,0,200000,900,34.117688
PMJMO-X2f-frozen,10,5,7,2026320506,0,200000,900,34.249208
PMJMO-X2f-frozen,10,5,8,2026320507,0,200000,900,34.231717
PMJMO-X2f-frozen,10,5,9,2026320508,0,200000,900,34.102715
PMJMO-X2f-frozen,10,5,10,2026320509,0,200000,900,34.212109
PMJMO-X2f-frozen,10,5,11,2026320510,0,200000,900,34.172714
PMJMO-X2f-frozen,10,5,12,2026320511,0,200000,900,34.121108
PMJMO-X2f-frozen,10,5,13,2026320512,0,200000,900,29.706389
PMJMO-X2f-frozen,10,5,14,2026320513,0,200000,900,34.067752
PMJMO-X2f-frozen,10,5,15,2026320514,0,200000,900,34.021166
PMJMO-X2f-frozen,10,5,16,2026320515,0,200000,900,34.08809
PMJMO-X2f-frozen,10,5,17,2026320516,0,200000,900,34.047674
PMJMO-X2f-frozen,10,5,18,2026320517,0,200000,900,34.122436
PMJMO-X2f-frozen,10,5,19,2026320518,0,200000,900,34.171544
PMJMO-X2f-frozen,10,5,20,2026320519,0,200000,900,34.075546
PMJMO-X2f-frozen,10,5,21,2026320520,0,200000,900,34.024183
PMJMO-X2f-frozen,10,5,22,2026320521,0,200000,900,33.98788
PMJMO-X2f-frozen,10,5,23,2026320522,0,200000,900,34.061713
PMJMO-X2f-frozen,10,5,24,2026320523,0,200000,900,33.92478
PMJMO-X2f-frozen,10,5,25,2026320524,0,200000,900,34.010952
PMJMO-X2f-frozen,10,5,26,2026320525,0,200000,900,34.034028
PMJMO-X2f-frozen,10,5,27,2026320526,0,200000,900,34.04651
PMJMO-X2f-frozen,10,5,28,2026320527,0,200000,900,34.017327
PMJMO-X2f-frozen,10,5,29,2026320528,0,200000,900,34.0133
PMJMO-X2f-frozen,10,5,30,2026320529,0,200000,900,33.988203
PMJMO-X2f-frozen,10,6,1,2026320600,5.082199921745769,200000,1805.0821999217458,34.670181
PMJMO-X2f-frozen,10,6,2,2026320601,0.24331308942987562,200000,1800.2433130894299,34.545149
PMJMO-X2f-frozen,10,6,3,2026320602,0.7928659651136059,200000,1800.7928659651136,34.485971
PMJMO-X2f-frozen,10,6,4,2026320603,1.018298625518355,200000,1801.0182986255184,34.445625
PMJMO-X2f-frozen,10,6,5,2026320604,20.22506770271343,200000,1820.2250677027134,34.599427
PMJMO-X2f-frozen,10,6,6,2026320605,1.4541562144177078,200000,1801.4541562144177,34.269324
PMJMO-X2f-frozen,10,6,7,2026320606,10.073022044985464,200000,1810.0730220449855,34.253348
PMJMO-X2f-frozen,10,6,8,2026320607,17.03587363050633,200000,1817.0358736305063,34.254782
PMJMO-X2f-frozen,10,6,9,2026320608,0.4423207107845428,200000,1800.4423207107845,34.272472
PMJMO-X2f-frozen,10,6,10,2026320609,1.1678751979536628,200000,1801.1678751979537,34.35416
PMJMO-X2f-frozen,10,6,11,2026320610,1.178994550377638,200000,1801.1789945503776,34.299742
PMJMO-X2f-frozen,10,6,12,2026320611,5.029241932581726,200000,1805.0292419325817,34.309814
PMJMO-X2f-frozen,10,6,13,2026320612,1.0954118714107608,200000,1801.0954118714108,34.237505
PMJMO-X2f-frozen,10,6,14,2026320613,0.19042656927513235,200000,1800.1904265692751,34.265123
PMJMO-X2f-frozen,10,6,15,2026320614,0.40728200691000893,200000,1800.40728200691,34.211362
PMJMO-X2f-frozen,10,6,16,2026320615,0.07476189020508173,200000,1800.074761890205,34.156513
PMJMO-X2f-frozen,10,6,17,2026320616,0.17988366776921794,200000,1800.1798836677692,34.182967
PMJMO-X2f-frozen,10,6,18,2026320617,2.230041582361082,200000,1802.230041582361,34.172048
PMJMO-X2f-frozen,10,6,19,2026320618,9.198563759910712,200000,1809.1985637599107,34.143544
PMJMO-X2f-frozen,10,6,20,2026320619,5.205003487895965,200000,1805.205003487896,34.163124
PMJMO-X2f-frozen,10,6,21,2026320620,4.233926327716972,200000,1804.233926327717,34.195367
PMJMO-X2f-frozen,10,6,22,2026320621,1.1787214040357412,200000,1801.1787214040357,34.305679
PMJMO-X2f-frozen,10,6,23,2026320622,0.4996176230317815,200000,1800.4996176230318,34.257718
PMJMO-X2f-frozen,10,6,24,2026320623,1.2880717845309846,200000,1801.288071784531,34.233974
PMJMO-X2f-frozen,10,6,25,2026320624,4.451907969812282,200000,1804.4519079698123,34.254758
PMJMO-X2f-frozen,10,6,26,2026320625,0.0892540873442158,200000,1800.0892540873442,34.240643
PMJMO-X2f-frozen,10,6,27,2026320626,2.0592969423510112,200000,1802.059296942351,34.202642
PMJMO-X2f-frozen,10,6,28,2026320627,4.171008412527499,200000,1804.1710084125275,34.361925
PMJMO-X2f-frozen,10,6,29,2026320628,1.4572499664602674,200000,1801.4572499664603,34.259323
PMJMO-X2f-frozen,10,6,30,2026320629,1.4658704448611388,200000,1801.4658704448611,34.162067
PMJMO-X2f-frozen,10,7,1,2026320700,0,200000,2000,34.551391
PMJMO-X2f-frozen,10,7,2,2026320701,0,200000,2000.0000000000002,34.671216
PMJMO-X2f-frozen,10,7,3,2026320702,0,200000,2000,34.373205
PMJMO-X2f-frozen,10,7,4,2026320703,0,200000,2000,34.010306
PMJMO-X2f-frozen,10,7,5,2026320704,0,200000,2000.0000000000005,33.95612
PMJMO-X2f-frozen,10,7,6,2026320705,0,200000,2000,34.094436
PMJMO-X2f-frozen,10,7,7,2026320706,0,200000,2000,34.172094
PMJMO-X2f-frozen,10,7,8,2026320707,0,200000,2000,33.874923
PMJMO-X2f-frozen,10,7,9,2026320708,0,200000,2000,34.280063
PMJMO-X2f-frozen,10,7,10,2026320709,0,200000,2000.0000000000002,33.555114
PMJMO-X2f-frozen,10,7,11,2026320710,0,200000,2000,33.928251
PMJMO-X2f-frozen,10,7,12,2026320711,0,200000,2000.0000000000002,34.472695
PMJMO-X2f-frozen,10,7,13,2026320712,0,200000,2000,34.049766
PMJMO-X2f-frozen,10,7,14,2026320713,0,200000,2000,34.091226
PMJMO-X2f-frozen,10,7,15,2026320714,0,200000,2000,34.146648
PMJMO-X2f-frozen,10,7,16,2026320715,0,200000,2000,34.361067
PMJMO-X2f-frozen,10,7,17,2026320716,20.00210941378532,200000,2020.0021094137853,33.894564
PMJMO-X2f-frozen,10,7,18,2026320717,0,200000,2000,34.23076
PMJMO-X2f-frozen,10,7,19,2026320718,0,200000,2000,33.964772
PMJMO-X2f-frozen,10,7,20,2026320719,0,200000,2000.0000000000005,34.014185
PMJMO-X2f-frozen,10,7,21,2026320720,0,200000,2000.0000000000005,34.174203
PMJMO-X2f-frozen,10,7,22,2026320721,0,200000,2000,34.360399
PMJMO-X2f-frozen,10,7,23,2026320722,0,200000,2000,34.307233
PMJMO-X2f-frozen,10,7,24,2026320723,0,200000,2000,34.111445
PMJMO-X2f-frozen,10,7,25,2026320724,0,200000,2000.0000000000005,34.303883
PMJMO-X2f-frozen,10,7,26,2026320725,0,200000,2000,33.60305
PMJMO-X2f-frozen,10,7,27,2026320726,0,200000,2000.0000000000002,34.12305
PMJMO-X2f-frozen,10,7,28,2026320727,0,200000,2000.0000000000002,34.157954
PMJMO-X2f-frozen,10,7,29,2026320728,0,200000,2000,34.121095
PMJMO-X2f-frozen,10,7,30,2026320729,0,200000,2000.0000000000002,34.247926
PMJMO-X2f-frozen,10,8,1,2026320800,20.049207130879495,200000,2220.0492071308795,33.232739
PMJMO-X2f-frozen,10,8,2,2026320801,20.095110451161418,200000,2220.0951104511614,32.850724
PMJMO-X2f-frozen,10,8,3,2026320802,20.043496658798176,200000,2220.043496658798,32.565274
PMJMO-X2f-frozen,10,8,4,2026320803,0.05772308635596346,200000,2200.057723086356,34.019727
PMJMO-X2f-frozen,10,8,5,2026320804,0.6697816231508114,200000,2200.669781623151,33.779229
PMJMO-X2f-frozen,10,8,6,2026320805,0.7260275801686475,200000,2200.7260275801686,33.597667
PMJMO-X2f-frozen,10,8,7,2026320806,0.6291541306723047,200000,2200.6291541306723,33.525375
PMJMO-X2f-frozen,10,8,8,2026320807,0.0037819227040927217,200000,2200.003781922704,33.506028
PMJMO-X2f-frozen,10,8,9,2026320808,20.041150301482503,200000,2220.0411503014825,32.677942
PMJMO-X2f-frozen,10,8,10,2026320809,20.02803423464411,200000,2220.028034234644,32.512147
PMJMO-X2f-frozen,10,8,11,2026320810,0.09926705632460653,200000,2200.0992670563246,33.199837
PMJMO-X2f-frozen,10,8,12,2026320811,0.6659170241450738,200000,2200.665917024145,33.255951
PMJMO-X2f-frozen,10,8,13,2026320812,0.6241144380346668,200000,2200.6241144380347,33.177685
PMJMO-X2f-frozen,10,8,14,2026320813,0.10638116580958012,200000,2200.1063811658096,34.179805
PMJMO-X2f-frozen,10,8,15,2026320814,0.013557649172980746,200000,2200.013557649173,33.563848
PMJMO-X2f-frozen,10,8,16,2026320815,20.036366741297115,200000,2220.036366741297,32.133387
PMJMO-X2f-frozen,10,8,17,2026320816,0.6410138668015861,200000,2200.6410138668016,33.846493
PMJMO-X2f-frozen,10,8,18,2026320817,0.6539953928199793,200000,2200.65399539282,34.112748
PMJMO-X2f-frozen,10,8,19,2026320818,0.07450005141254223,200000,2200.0745000514125,32.308121
PMJMO-X2f-frozen,10,8,20,2026320819,20.011473302144623,200000,2220.0114733021446,32.610475
PMJMO-X2f-frozen,10,8,21,2026320820,0.05577552815884701,200000,2200.055775528159,34.226985
PMJMO-X2f-frozen,10,8,22,2026320821,0.010327831710583268,200000,2200.0103278317106,33.902562
PMJMO-X2f-frozen,10,8,23,2026320822,0.00254222992589348,200000,2200.002542229926,34.361895
PMJMO-X2f-frozen,10,8,24,2026320823,20.06130310944809,200000,2220.061303109448,33.419575
PMJMO-X2f-frozen,10,8,25,2026320824,0.6404374100079622,200000,2200.640437410008,33.721017
PMJMO-X2f-frozen,10,8,26,2026320825,0.6537471826641195,200000,2200.653747182664,34.329184
PMJMO-X2f-frozen,10,8,27,2026320826,0.6656550189773043,200000,2200.6656550189773,34.42859
PMJMO-X2f-frozen,10,8,28,2026320827,0.0008014438385544054,200000,2200.0008014438386,35.014956
PMJMO-X2f-frozen,10,8,29,2026320828,0.08392372964817696,200000,2200.083923729648,33.635446
PMJMO-X2f-frozen,10,8,30,2026320829,20.00013026573197,200000,2220.000130265732,33.972619
PMJMO-X2f-frozen,10,9,1,2026320900,229.2843827084871,200000,2529.284382708487,35.770916
PMJMO-X2f-frozen,10,9,2,2026320901,229.2843827084871,200000,2529.284382708487,35.686342
PMJMO-X2f-frozen,10,9,3,2026320902,229.2843827084871,200000,2529.284382708487,35.420467
PMJMO-X2f-frozen,10,9,4,2026320903,229.2843827084871,200000,2529.284382708487,35.377402
PMJMO-X2f-frozen,10,9,5,2026320904,229.2843827084871,200000,2529.284382708487,35.347636
PMJMO-X2f-frozen,10,9,6,2026320905,229.2843827084871,200000,2529.284382708487,35.405599
PMJMO-X2f-frozen,10,9,7,2026320906,229.2843827084871,200000,2529.284382708487,35.371846
PMJMO-X2f-frozen,10,9,8,2026320907,229.2843827084871,200000,2529.284382708487,35.321131
PMJMO-X2f-frozen,10,9,9,2026320908,229.2843827084871,200000,2529.284382708487,35.376932
PMJMO-X2f-frozen,10,9,10,2026320909,229.2843827084871,200000,2529.284382708487,35.274494
PMJMO-X2f-frozen,10,9,11,2026320910,229.2843827084871,200000,2529.284382708487,35.35236
PMJMO-X2f-frozen,10,9,12,2026320911,229.2843827084871,200000,2529.284382708487,35.354048
PMJMO-X2f-frozen,10,9,13,2026320912,376.21633091510057,200000,2676.2163309151006,35.444921
PMJMO-X2f-frozen,10,9,14,2026320913,229.2843827084871,200000,2529.284382708487,35.426352
PMJMO-X2f-frozen,10,9,15,2026320914,229.2843827084871,200000,2529.284382708487,35.443055
PMJMO-X2f-frozen,10,9,16,2026320915,229.2843827084871,200000,2529.284382708487,35.407171
PMJMO-X2f-frozen,10,9,17,2026320916,229.2843827084871,200000,2529.284382708487,35.387736
PMJMO-X2f-frozen,10,9,18,2026320917,229.2843827084871,200000,2529.284382708487,35.368497
PMJMO-X2f-frozen,10,9,19,2026320918,229.2843827084871,200000,2529.284382708487,35.400024
PMJMO-X2f-frozen,10,9,20,2026320919,229.2843827084871,200000,2529.284382708487,35.41028
PMJMO-X2f-frozen,10,9,21,2026320920,229.2843827084871,200000,2529.284382708487,35.39263
PMJMO-X2f-frozen,10,9,22,2026320921,229.2843827084871,200000,2529.284382708487,35.461499
PMJMO-X2f-frozen,10,9,23,2026320922,229.2843827084871,200000,2529.284382708487,35.43802
PMJMO-X2f-frozen,10,9,24,2026320923,229.2843827084871,200000,2529.284382708487,35.340131
PMJMO-X2f-frozen,10,9,25,2026320924,229.2843827084871,200000,2529.284382708487,35.426612
PMJMO-X2f-frozen,10,9,26,2026320925,229.2843827084871,200000,2529.284382708487,35.408963
PMJMO-X2f-frozen,10,9,27,2026320926,229.2843827084871,200000,2529.284382708487,35.404575
PMJMO-X2f-frozen,10,9,28,2026320927,229.2843827084871,200000,2529.284382708487,35.405396
PMJMO-X2f-frozen,10,9,29,2026320928,229.2843827084871,200000,2529.284382708487,35.324583
PMJMO-X2f-frozen,10,9,30,2026320929,229.2843827084871,200000,2529.284382708487,35.354077
PMJMO-X2f-frozen,10,10,1,2026321000,100.26734186369231,200000,2500.2673418636923,35.931831
PMJMO-X2f-frozen,10,10,2,2026321001,100.29867531113678,200000,2500.298675311137,35.591258
PMJMO-X2f-frozen,10,10,3,2026321002,203.72370874054513,200000,2603.723708740545,31.957883
PMJMO-X2f-frozen,10,10,4,2026321003,206.39007605997085,200000,2606.390076059971,32.524717
PMJMO-X2f-frozen,10,10,5,2026321004,100.27698289413183,200000,2500.276982894132,32.833428
PMJMO-X2f-frozen,10,10,6,2026321005,204.160722262749,200000,2604.160722262749,31.740306
PMJMO-X2f-frozen,10,10,7,2026321006,100.21061349735965,200000,2500.2106134973596,34.047521
PMJMO-X2f-frozen,10,10,8,2026321007,100.27411886254094,200000,2500.274118862541,35.329241
PMJMO-X2f-frozen,10,10,9,2026321008,100.37471814220817,200000,2500.374718142208,34.010287
PMJMO-X2f-frozen,10,10,10,2026321009,100.21518311064074,200000,2500.2151831106407,33.439164
PMJMO-X2f-frozen,10,10,11,2026321010,100.32135725054604,200000,2500.321357250546,33.20256
PMJMO-X2f-frozen,10,10,12,2026321011,100.29326773371668,200000,2500.2932677337167,34.956996
PMJMO-X2f-frozen,10,10,13,2026321012,206.75839524162257,200000,2606.7583952416226,31.919919
PMJMO-X2f-frozen,10,10,14,2026321013,204.8797973331716,200000,2604.8797973331716,33.555507
PMJMO-X2f-frozen,10,10,15,2026321014,206.69548384547352,200000,2606.6954838454735,32.700537
PMJMO-X2f-frozen,10,10,16,2026321015,100.31506091757001,200000,2500.31506091757,35.784562
PMJMO-X2f-frozen,10,10,17,2026321016,100.32783056939616,200000,2500.327830569396,35.648919
PMJMO-X2f-frozen,10,10,18,2026321017,100.30150823746317,200000,2500.301508237463,35.365834
PMJMO-X2f-frozen,10,10,19,2026321018,100.28424670418781,200000,2500.284246704188,35.170221
PMJMO-X2f-frozen,10,10,20,2026321019,100.34610720184355,200000,2500.3461072018436,33.17151
PMJMO-X2f-frozen,10,10,21,2026321020,205.1217368745638,200000,2605.121736874564,32.931077
PMJMO-X2f-frozen,10,10,22,2026321021,100.24065127341373,200000,2500.2406512734137,31.006005
PMJMO-X2f-frozen,10,10,23,2026321022,100.28362968990132,200000,2500.2836296899013,33.148793
PMJMO-X2f-frozen,10,10,24,2026321023,100.20512973648601,200000,2500.205129736486,32.287537
PMJMO-X2f-frozen,10,10,25,2026321024,100.2502034121012,200000,2500.250203412101,32.281606
PMJMO-X2f-frozen,10,10,26,2026321025,100.29015586471496,200000,2500.290155864715,35.271029
PMJMO-X2f-frozen,10,10,27,2026321026,100.2342113477821,200000,2500.234211347782,33.604901
PMJMO-X2f-frozen,10,10,28,2026321027,204.0524501452105,200000,2604.0524501452105,31.486177
PMJMO-X2f-frozen,10,10,29,2026321028,100.26154641534686,200000,2500.261546415347,34.630414
PMJMO-X2f-frozen,10,10,30,2026321029,205.80449500647774,200000,2605.8044950064777,31.123162
PMJMO-X2f-frozen,10,11,1,2026321100,0,200000,2600.0000000000005,23.633194
PMJMO-X2f-frozen,10,11,2,2026321101,0,200000,2600,26.642923
PMJMO-X2f-frozen,10,11,3,2026321102,0,200000,2600.0000000000005,26.720081
PMJMO-X2f-frozen,10,11,4,2026321103,0,200000,2600.0000000000005,26.576889
PMJMO-X2f-frozen,10,11,5,2026321104,0,200000,2600,23.324596
PMJMO-X2f-frozen,10,11,6,2026321105,0,200000,2600.0000000000005,26.534007
PMJMO-X2f-frozen,10,11,7,2026321106,0,200000,2600.0000000000005,23.432017
PMJMO-X2f-frozen,10,11,8,2026321107,400,200000,3000,23.83529
PMJMO-X2f-frozen,10,11,9,2026321108,0,200000,2600,25.708039
PMJMO-X2f-frozen,10,11,10,2026321109,0,200000,2600.0000000000005,26.556878
PMJMO-X2f-frozen,10,11,11,2026321110,0,200000,2600,26.425513
PMJMO-X2f-frozen,10,11,12,2026321111,0,200000,2600,23.562644
PMJMO-X2f-frozen,10,11,13,2026321112,0,200000,2600,26.466056
PMJMO-X2f-frozen,10,11,14,2026321113,0,200000,2600.0000000000005,26.511094
PMJMO-X2f-frozen,10,11,15,2026321114,0,200000,2600.0000000000005,26.508451
PMJMO-X2f-frozen,10,11,16,2026321115,0,200000,2600.0000000000005,23.328863
PMJMO-X2f-frozen,10,11,17,2026321116,150.42716380958927,200000,2750.4271638095893,26.569861
PMJMO-X2f-frozen,10,11,18,2026321117,0,200000,2600.0000000000005,26.457866
PMJMO-X2f-frozen,10,11,19,2026321118,0,200000,2600,26.489031
PMJMO-X2f-frozen,10,11,20,2026321119,0,200000,2600,26.477386
PMJMO-X2f-frozen,10,11,21,2026321120,150.42716380958882,200000,2750.427163809589,26.637682
PMJMO-X2f-frozen,10,11,22,2026321121,0,200000,2600,26.540931
PMJMO-X2f-frozen,10,11,23,2026321122,300,200000,2900,23.803772
PMJMO-X2f-frozen,10,11,24,2026321123,0,200000,2600,26.548772
PMJMO-X2f-frozen,10,11,25,2026321124,0,200000,2600,26.526567
PMJMO-X2f-frozen,10,11,26,2026321125,0,200000,2600.0000000000005,26.550079
PMJMO-X2f-frozen,10,11,27,2026321126,0,200000,2600.0000000000005,26.573148
PMJMO-X2f-frozen,10,11,28,2026321127,0,200000,2600.0000000000005,26.555108
PMJMO-X2f-frozen,10,11,29,2026321128,0,200000,2600.0000000000005,23.454592
PMJMO-X2f-frozen,10,11,30,2026321129,0,200000,2600,26.542516
PMJMO-X2f-frozen,10,12,1,2026321200,164.93100790290737,200000,2864.9310079029074,35.737773
PMJMO-X2f-frozen,10,12,2,2026321201,165.21260559766142,200000,2865.2126055976614,35.641348
PMJMO-X2f-frozen,10,12,3,2026321202,164.93100790290737,200000,2864.9310079029074,35.8092
PMJMO-X2f-frozen,10,12,4,2026321203,162.70013053532875,200000,2862.7001305353288,35.749403
PMJMO-X2f-frozen,10,12,5,2026321204,165.84588627153425,200000,2865.8458862715343,35.544597
PMJMO-X2f-frozen,10,12,6,2026321205,163.8777099646395,200000,2863.8777099646395,35.493633
PMJMO-X2f-frozen,10,12,7,2026321206,164.93100790290737,200000,2864.9310079029074,35.71074
PMJMO-X2f-frozen,10,12,8,2026321207,164.93100790290737,200000,2864.9310079029074,35.63352
PMJMO-X2f-frozen,10,12,9,2026321208,163.92451213428922,200000,2863.924512134289,35.643845
PMJMO-X2f-frozen,10,12,10,2026321209,164.92194156800042,200000,2864.9219415680004,35.475834
PMJMO-X2f-frozen,10,12,11,2026321210,164.9310079029069,200000,2864.931007902907,35.512056
PMJMO-X2f-frozen,10,12,12,2026321211,162.70013053532875,200000,2862.7001305353288,35.108563
PMJMO-X2f-frozen,10,12,13,2026321212,164.92194156800042,200000,2864.9219415680004,35.563567
PMJMO-X2f-frozen,10,12,14,2026321213,164.93100790290737,200000,2864.9310079029074,35.592572
PMJMO-X2f-frozen,10,12,15,2026321214,161.4352676774106,200000,2861.4352676774106,35.450119
PMJMO-X2f-frozen,10,12,16,2026321215,161.4352676774106,200000,2861.4352676774106,35.28734
PMJMO-X2f-frozen,10,12,17,2026321216,164.84925752013396,200000,2864.849257520134,35.63631
PMJMO-X2f-frozen,10,12,18,2026321217,161.4352676774106,200000,2861.4352676774106,35.119109
PMJMO-X2f-frozen,10,12,19,2026321218,164.264926067347,200000,2864.264926067347,35.608927
PMJMO-X2f-frozen,10,12,20,2026321219,165.21260559766142,200000,2865.2126055976614,35.416099
PMJMO-X2f-frozen,10,12,21,2026321220,162.56737635795616,200000,2862.567376357956,35.657735
PMJMO-X2f-frozen,10,12,22,2026321221,164.9310079029069,200000,2864.931007902907,35.506042
PMJMO-X2f-frozen,10,12,23,2026321222,164.93100790290737,200000,2864.9310079029074,35.399624
PMJMO-X2f-frozen,10,12,24,2026321223,163.71484954932885,200000,2863.714849549329,35.28524
PMJMO-X2f-frozen,10,12,25,2026321224,164.92194156800042,200000,2864.9219415680004,35.590834
PMJMO-X2f-frozen,10,12,26,2026321225,162.70013053532875,200000,2862.7001305353288,34.802725
PMJMO-X2f-frozen,10,12,27,2026321226,161.4352676774106,200000,2861.4352676774106,35.35022
PMJMO-X2f-frozen,10,12,28,2026321227,161.4352676774106,200000,2861.4352676774106,34.892589
PMJMO-X2f-frozen,10,12,29,2026321228,164.54248247277292,200000,2864.542482472773,35.443181
PMJMO-X2f-frozen,10,12,30,2026321229,163.49483520288004,200000,2863.49483520288,35.299331
PMJMO-X2f-frozen,20,1,1,2026420100,0,1000000,300.00000000000006,180.365789
PMJMO-X2f-frozen,20,1,2,2026420101,0,1000000,300.00000000000006,179.63614
PMJMO-X2f-frozen,20,1,3,2026420102,0,1000000,300.00000000000006,180.445734
PMJMO-X2f-frozen,20,1,4,2026420103,0,1000000,300,181.144337
PMJMO-X2f-frozen,20,1,5,2026420104,0,1000000,300.00000000000006,181.987839
PMJMO-X2f-frozen,20,1,6,2026420105,0,1000000,300.00000000000006,181.25362
PMJMO-X2f-frozen,20,1,7,2026420106,0,1000000,300.00000000000006,182.56097
PMJMO-X2f-frozen,20,1,8,2026420107,0,1000000,300.00000000000006,182.529619
PMJMO-X2f-frozen,20,1,9,2026420108,0,1000000,300.00000000000006,182.251174
PMJMO-X2f-frozen,20,1,10,2026420109,0,1000000,300.00000000000006,181.542931
PMJMO-X2f-frozen,20,1,11,2026420110,0,1000000,300.00000000000006,179.01477
PMJMO-X2f-frozen,20,1,12,2026420111,0,1000000,300.00000000000006,178.492148
PMJMO-X2f-frozen,20,1,13,2026420112,0,1000000,300.00000000000006,156.481706
PMJMO-X2f-frozen,20,1,14,2026420113,0,1000000,300.00000000000006,181.579951
PMJMO-X2f-frozen,20,1,15,2026420114,0,1000000,300.00000000000006,179.717805
PMJMO-X2f-frozen,20,1,16,2026420115,0,1000000,300.00000000000006,182.58988
PMJMO-X2f-frozen,20,1,17,2026420116,0,1000000,300,180.7164
PMJMO-X2f-frozen,20,1,18,2026420117,0,1000000,300.00000000000006,178.709486
PMJMO-X2f-frozen,20,1,19,2026420118,0,1000000,300.00000000000006,180.289703
PMJMO-X2f-frozen,20,1,20,2026420119,0,1000000,300.00000000000006,181.537791
PMJMO-X2f-frozen,20,1,21,2026420120,0,1000000,300,180.508927
PMJMO-X2f-frozen,20,1,22,2026420121,0,1000000,300,180.119085
PMJMO-X2f-frozen,20,1,23,2026420122,0,1000000,300.00000000000006,178.72408
PMJMO-X2f-frozen,20,1,24,2026420123,0,1000000,300.00000000000006,178.637993
PMJMO-X2f-frozen,20,1,25,2026420124,0,1000000,300.00000000000006,179.317101
PMJMO-X2f-frozen,20,1,26,2026420125,0,1000000,300.00000000000006,179.341917
PMJMO-X2f-frozen,20,1,27,2026420126,0,1000000,300.00000000000006,180.765446
PMJMO-X2f-frozen,20,1,28,2026420127,0,1000000,300.00000000000006,180.199234
PMJMO-X2f-frozen,20,1,29,2026420128,0,1000000,300.00000000000006,180.542618
PMJMO-X2f-frozen,20,1,30,2026420129,0,1000000,300,180.750656
PMJMO-X2f-frozen,20,2,1,2026420200,49.08447897948116,1000000,449.08447897948116,98.369565
PMJMO-X2f-frozen,20,2,2,2026420201,49.08447897948116,1000000,449.08447897948116,97.601825
PMJMO-X2f-frozen,20,2,3,2026420202,49.08447897948122,1000000,449.0844789794812,96.576792
PMJMO-X2f-frozen,20,2,4,2026420203,49.08447897948116,1000000,449.08447897948116,95.837414
PMJMO-X2f-frozen,20,2,5,2026420204,49.08447897948116,1000000,449.08447897948116,95.82659
PMJMO-X2f-frozen,20,2,6,2026420205,49.08447897948116,1000000,449.08447897948116,97.224501
PMJMO-X2f-frozen,20,2,7,2026420206,49.08447897948122,1000000,449.0844789794812,97.086058
PMJMO-X2f-frozen,20,2,8,2026420207,49.08447897948116,1000000,449.08447897948116,96.396234
PMJMO-X2f-frozen,20,2,9,2026420208,0,1000000,400.0000000000001,95.988128
PMJMO-X2f-frozen,20,2,10,2026420209,49.08447897948116,1000000,449.08447897948116,96.288909
PMJMO-X2f-frozen,20,2,11,2026420210,49.08447897948116,1000000,449.08447897948116,96.505725
PMJMO-X2f-frozen,20,2,12,2026420211,49.08447897948122,1000000,449.0844789794812,96.161211
PMJMO-X2f-frozen,20,2,13,2026420212,49.08447897948116,1000000,449.08447897948116,96.025174
PMJMO-X2f-frozen,20,2,14,2026420213,49.08447897948116,1000000,449.08447897948116,96.129525
PMJMO-X2f-frozen,20,2,15,2026420214,0,1000000,400,96.041181
PMJMO-X2f-frozen,20,2,16,2026420215,4.03026015813731,1000000,404.0302601581373,95.667413
PMJMO-X2f-frozen,20,2,17,2026420216,49.08447897948122,1000000,449.0844789794812,95.490573
PMJMO-X2f-frozen,20,2,18,2026420217,49.08447897948122,1000000,449.0844789794812,95.598657
PMJMO-X2f-frozen,20,2,19,2026420218,0,1000000,400.00000000000006,95.483361
PMJMO-X2f-frozen,20,2,20,2026420219,0,1000000,400.00000000000006,96.004079
PMJMO-X2f-frozen,20,2,21,2026420220,49.08447897948116,1000000,449.08447897948116,95.739846
PMJMO-X2f-frozen,20,2,22,2026420221,49.08447897948116,1000000,449.08447897948116,95.428533
PMJMO-X2f-frozen,20,2,23,2026420222,49.08447897948116,1000000,449.08447897948116,95.923915
PMJMO-X2f-frozen,20,2,24,2026420223,49.08447897948116,1000000,449.08447897948116,95.518493
PMJMO-X2f-frozen,20,2,25,2026420224,0,1000000,400.00000000000006,95.685461
PMJMO-X2f-frozen,20,2,26,2026420225,0,1000000,400.00000000000006,95.544653
PMJMO-X2f-frozen,20,2,27,2026420226,44.89546931745127,1000000,444.8954693174513,95.66058
PMJMO-X2f-frozen,20,2,28,2026420227,49.08447897948122,1000000,449.0844789794812,96.262454
PMJMO-X2f-frozen,20,2,29,2026420228,49.08447897948116,1000000,449.08447897948116,96.505905
PMJMO-X2f-frozen,20,2,30,2026420229,0,1000000,400.00000000000017,95.414806
PMJMO-X2f-frozen,20,3,1,2026420300,0,1000000,600.0000000000001,155.666334
PMJMO-X2f-frozen,20,3,2,2026420301,0,1000000,600.0000000000001,154.764579
PMJMO-X2f-frozen,20,3,3,2026420302,0.00008255312684468663,1000000,600.0000825531268,174.745356
PMJMO-X2f-frozen,20,3,4,2026420303,0,1000000,600.0000000000001,177.242332
PMJMO-X2f-frozen,20,3,5,2026420304,0,1000000,600.0000000000001,177.155018
PMJMO-X2f-frozen,20,3,6,2026420305,0.00002811238857702847,1000000,600.0000281123886,175.1718
PMJMO-X2f-frozen,20,3,7,2026420306,0.000012752538395943702,1000000,600.0000127525384,174.960129
PMJMO-X2f-frozen,20,3,8,2026420307,0.0006382076792306179,1000000,600.0006382076792,173.803283
PMJMO-X2f-frozen,20,3,9,2026420308,0.000014935455624254246,1000000,600.0000149354556,174.392491
PMJMO-X2f-frozen,20,3,10,2026420309,0,1000000,600.0000000000001,176.170912
PMJMO-X2f-frozen,20,3,11,2026420310,0,1000000,600.0000000000001,176.552517
PMJMO-X2f-frozen,20,3,12,2026420311,0,1000000,600.0000000000001,176.104322
PMJMO-X2f-frozen,20,3,13,2026420312,0,1000000,600.0000000000001,153.148127
PMJMO-X2f-frozen,20,3,14,2026420313,0.00000127548457840021,1000000,600.0000012754846,173.183032
PMJMO-X2f-frozen,20,3,15,2026420314,0,1000000,600.0000000000001,176.017152
PMJMO-X2f-frozen,20,3,16,2026420315,0,1000000,600,152.782935
PMJMO-X2f-frozen,20,3,17,2026420316,0.000002542846459618886,1000000,600.0000025428465,173.657285
PMJMO-X2f-frozen,20,3,18,2026420317,0.0000059616741054924205,1000000,600.0000059616741,175.983413
PMJMO-X2f-frozen,20,3,19,2026420318,0,1000000,600.0000000000001,176.699677
PMJMO-X2f-frozen,20,3,20,2026420319,0,1000000,600.0000000000001,176.257118
PMJMO-X2f-frozen,20,3,21,2026420320,0.0000046625932554889005,1000000,600.0000046625933,172.57323
PMJMO-X2f-frozen,20,3,22,2026420321,3.1888623652776005e-7,1000000,600.0000003188862,172.956244
PMJMO-X2f-frozen,20,3,23,2026420322,0.00000390612740375218,1000000,600.0000039061274,174.510714
PMJMO-X2f-frozen,20,3,24,2026420323,3.1888623652776005e-7,1000000,600.0000003188862,172.54546
PMJMO-X2f-frozen,20,3,25,2026420324,3.1888623652776005e-7,1000000,600.0000003188862,172.210335
PMJMO-X2f-frozen,20,3,26,2026420325,0,1000000,600.0000000000001,176.35733
PMJMO-X2f-frozen,20,3,27,2026420326,0,1000000,600.0000000000001,176.401839
PMJMO-X2f-frozen,20,3,28,2026420327,0,1000000,600.0000000000001,154.090984
PMJMO-X2f-frozen,20,3,29,2026420328,3.1888623652776005e-7,1000000,600.0000003188862,171.961445
PMJMO-X2f-frozen,20,3,30,2026420329,7.174827487688162e-7,1000000,600.0000007174827,173.064293
PMJMO-X2f-frozen,20,4,1,2026420400,10.944544590207215,1000000,810.9445445902072,151.921939
PMJMO-X2f-frozen,20,4,2,2026420401,13.929421761487106,1000000,813.9294217614871,153.052528
PMJMO-X2f-frozen,20,4,3,2026420402,14.924381917607434,1000000,814.9243819176074,150.909365
PMJMO-X2f-frozen,20,4,4,2026420403,10.94454962802638,1000000,810.9445496280264,152.270758
PMJMO-X2f-frozen,20,4,5,2026420404,14.924386042756964,1000000,814.924386042757,149.522727
PMJMO-X2f-frozen,20,4,6,2026420405,16.914318768262774,1000000,816.9143187682628,149.369005
PMJMO-X2f-frozen,20,4,7,2026420406,14.924390024111972,1000000,814.924390024112,149.575475
PMJMO-X2f-frozen,20,4,8,2026420407,16.914293894947832,1000000,816.9142938949478,150.014544
PMJMO-X2f-frozen,20,4,9,2026420408,19.899171067571274,1000000,819.8991710675713,150.330544
PMJMO-X2f-frozen,20,4,10,2026420409,11.939507131153391,1000000,811.9395071311534,150.32526
PMJMO-X2f-frozen,20,4,11,2026420410,10.944544590207443,1000000,810.9445445902074,151.013544
PMJMO-X2f-frozen,20,4,12,2026420411,7.959677115986892,1000000,807.9596771159869,150.795
PMJMO-X2f-frozen,20,4,13,2026420412,11.939508685119563,1000000,811.9395086851196,151.436862
PMJMO-X2f-frozen,20,4,14,2026420413,15.919334837854535,1000000,815.9193348378545,151.215137
PMJMO-X2f-frozen,20,4,15,2026420414,11.939503647300626,1000000,811.9395036473006,157.655938
PMJMO-X2f-frozen,20,4,16,2026420415,15.919338611151147,1000000,815.9193386111511,149.618251
PMJMO-X2f-frozen,20,4,17,2026420416,11.939517491067477,1000000,811.9395174910675,150.55313
PMJMO-X2f-frozen,20,4,18,2026420417,10.94456192563905,1000000,810.944561925639,149.317505
PMJMO-X2f-frozen,20,4,19,2026420418,12.934484801086114,1000000,812.9344848010861,149.448946
PMJMO-X2f-frozen,20,4,20,2026420419,14.924389313883125,1000000,814.9243893138831,150.281902
PMJMO-X2f-frozen,20,4,21,2026420420,17.909252952041243,1000000,817.9092529520412,153.631713
PMJMO-X2f-frozen,20,4,22,2026420421,12.9344677422132,1000000,812.9344677422132,150.931798
PMJMO-X2f-frozen,20,4,23,2026420422,7.959672456746375,1000000,807.9596724567464,156.37842
PMJMO-X2f-frozen,20,4,24,2026420423,22.88405750639265,1000000,822.8840575063927,150.331639
PMJMO-X2f-frozen,20,4,25,2026420424,18.90423842262635,1000000,818.9042384226263,150.46334
PMJMO-X2f-frozen,20,4,26,2026420425,19.89917106622795,1000000,819.899171066228,151.059631
PMJMO-X2f-frozen,20,4,27,2026420426,18.90421762662413,1000000,818.9042176266241,150.287294
PMJMO-X2f-frozen,20,4,28,2026420427,10.944556217948957,1000000,810.944556217949,149.380002
PMJMO-X2f-frozen,20,4,29,2026420428,11.939513192375216,1000000,811.9395131923752,149.914494
PMJMO-X2f-frozen,20,4,30,2026420429,17.909258632695014,1000000,817.909258632695,149.923418
PMJMO-X2f-frozen,20,5,1,2026420500,0.9086480371815924,1000000,900.9086480371816,182.110717
PMJMO-X2f-frozen,20,5,2,2026420501,0,1000000,900.0000000000001,157.592733
PMJMO-X2f-frozen,20,5,3,2026420502,2.061416133591365,1000000,902.0614161335914,181.069454
PMJMO-X2f-frozen,20,5,4,2026420503,0.5438522690072887,1000000,900.5438522690073,181.533918
PMJMO-X2f-frozen,20,5,5,2026420504,0.4543240185907962,1000000,900.4543240185908,181.739177
PMJMO-X2f-frozen,20,5,6,2026420505,0.72290876984016,1000000,900.7229087698402,181.635244
PMJMO-X2f-frozen,20,5,7,2026420506,0.72290876984016,1000000,900.7229087698402,180.761038
PMJMO-X2f-frozen,20,5,8,2026420507,0.9981762875980849,1000000,900.9981762875981,181.420861
PMJMO-X2f-frozen,20,5,9,2026420508,0.5438522690072887,1000000,900.5438522690073,181.82482
PMJMO-X2f-frozen,20,5,10,2026420509,0.26858475124936376,1000000,900.2685847512494,180.986671
PMJMO-X2f-frozen,20,5,11,2026420510,2.1820706866237742,1000000,902.1820706866238,181.362773
PMJMO-X2f-frozen,20,5,12,2026420511,0.08952825041649248,1000000,900.0895282504165,181.026777
PMJMO-X2f-frozen,20,5,13,2026420512,0.4543240185909099,1000000,900.4543240185909,180.905517
PMJMO-X2f-frozen,20,5,14,2026420513,2.996968088223184,1000000,902.9969680882232,181.448165
PMJMO-X2f-frozen,20,5,15,2026420514,0,1000000,900.0000000000001,181.920215
PMJMO-X2f-frozen,20,5,16,2026420515,1.452500306188881,1000000,901.4525003061889,181.465745
PMJMO-X2f-frozen,20,5,17,2026420516,0.4543240185909099,1000000,900.4543240185909,181.680469
PMJMO-X2f-frozen,20,5,18,2026420517,1.906803168865963,1000000,901.906803168866,157.370898
PMJMO-X2f-frozen,20,5,19,2026420518,0.4543240185907962,1000000,900.4543240185908,182.080482
PMJMO-X2f-frozen,20,5,20,2026420519,0.17905650083287128,1000000,900.1790565008329,158.004543
PMJMO-X2f-frozen,20,5,21,2026420520,0.4543240185907962,1000000,900.4543240185908,181.922929
PMJMO-X2f-frozen,20,5,22,2026420521,0.08952825041649248,1000000,900.0895282504165,181.415386
PMJMO-X2f-frozen,20,5,23,2026420522,27.28702799708833,1000000,927.2870279970883,181.505375
PMJMO-X2f-frozen,20,5,24,2026420523,1.0877045380144637,1000000,901.0877045380145,181.951872
PMJMO-X2f-frozen,20,5,25,2026420524,0.08952825041649248,1000000,900.0895282504165,182.139984
PMJMO-X2f-frozen,20,5,26,2026420525,0.08952825041649248,1000000,900.0895282504165,182.126009
PMJMO-X2f-frozen,20,5,27,2026420526,0.17905650083287128,1000000,900.1790565008329,181.876422
PMJMO-X2f-frozen,20,5,28,2026420527,0.5438522690072887,1000000,900.5438522690073,182.059424
PMJMO-X2f-frozen,20,5,29,2026420528,0,1000000,900,182.138838
PMJMO-X2f-frozen,20,5,30,2026420529,0.5438522690072887,1000000,900.5438522690073,181.908639
PMJMO-X2f-frozen,20,6,1,2026420600,110.62727088959582,1000000,1910.6272708895958,57.354327
PMJMO-X2f-frozen,20,6,2,2026420601,70.10507711483388,1000000,1870.1050771148339,57.909471
PMJMO-X2f-frozen,20,6,3,2026420602,4.3247238898302385,1000000,1804.3247238898302,57.450338
PMJMO-X2f-frozen,20,6,4,2026420603,55.842266887081905,1000000,1855.842266887082,57.055817
PMJMO-X2f-frozen,20,6,5,2026420604,24.971236858583097,1000000,1824.971236858583,57.438563
PMJMO-X2f-frozen,20,6,6,2026420605,74.6265514935751,1000000,1874.626551493575,55.998361
PMJMO-X2f-frozen,20,6,7,2026420606,74.65724946409955,1000000,1874.6572494640996,57.158951
PMJMO-X2f-frozen,20,6,8,2026420607,207.3662676080453,1000000,2007.3662676080453,57.390223
PMJMO-X2f-frozen,20,6,9,2026420608,85.97927304236464,1000000,1885.9792730423646,58.146796
PMJMO-X2f-frozen,20,6,10,2026420609,58.58300074662202,1000000,1858.583000746622,56.441203
PMJMO-X2f-frozen,20,6,11,2026420610,104.14651432232358,1000000,1904.1465143223236,55.320717
PMJMO-X2f-frozen,20,6,12,2026420611,131.00319732343814,1000000,1931.0031973234381,54.683033
PMJMO-X2f-frozen,20,6,13,2026420612,27.307697721743807,1000000,1827.3076977217438,53.8224
PMJMO-X2f-frozen,20,6,14,2026420613,57.74432640495411,1000000,1857.744326404954,54.984845
PMJMO-X2f-frozen,20,6,15,2026420614,29.33794476550179,1000000,1829.3379447655018,54.316892
PMJMO-X2f-frozen,20,6,16,2026420615,13.38998358725189,1000000,1813.389983587252,55.614596
PMJMO-X2f-frozen,20,6,17,2026420616,107.08284047634265,1000000,1907.0828404763427,56.077711
PMJMO-X2f-frozen,20,6,18,2026420617,65.56689440057085,1000000,1865.5668944005708,55.121712
PMJMO-X2f-frozen,20,6,19,2026420618,79.92966625966073,1000000,1879.9296662596607,56.672719
PMJMO-X2f-frozen,20,6,20,2026420619,136.26935282483396,1000000,1936.269352824834,57.078486
PMJMO-X2f-frozen,20,6,21,2026420620,18.326344784219373,1000000,1818.3263447842194,57.337823
PMJMO-X2f-frozen,20,6,22,2026420621,125.54606014957767,1000000,1925.5460601495777,56.996968
PMJMO-X2f-frozen,20,6,23,2026420622,75.18355185266341,1000000,1875.1835518526634,57.298724
PMJMO-X2f-frozen,20,6,24,2026420623,55.50338352299423,1000000,1855.5033835229942,57.537652
PMJMO-X2f-frozen,20,6,25,2026420624,19.062155077958778,1000000,1819.0621550779588,57.256132
PMJMO-X2f-frozen,20,6,26,2026420625,114.69367699250097,1000000,1914.693676992501,57.714592
PMJMO-X2f-frozen,20,6,27,2026420626,11.364386555253077,1000000,1811.364386555253,57.287385
PMJMO-X2f-frozen,20,6,28,2026420627,39.113700795360955,1000000,1839.113700795361,57.489294
PMJMO-X2f-frozen,20,6,29,2026420628,10.439437216911756,1000000,1810.4394372169118,54.593978
PMJMO-X2f-frozen,20,6,30,2026420629,22.704887095836966,1000000,1822.704887095837,54.488738
PMJMO-X2f-frozen,20,7,1,2026420700,21.613036381858137,1000000,2021.6130363818581,162.914827
PMJMO-X2f-frozen,20,7,2,2026420701,25.290638460106493,1000000,2025.2906384601065,162.054243
PMJMO-X2f-frozen,20,7,3,2026420702,2.984896203338849,1000000,2002.9848962033388,171.567419
PMJMO-X2f-frozen,20,7,4,2026420703,5.28698297759297,1000000,2005.286982977593,170.487433
PMJMO-X2f-frozen,20,7,5,2026420704,4.308480613019356,1000000,2004.3084806130194,176.1998
PMJMO-X2f-frozen,20,7,6,2026420705,21.619318888774842,1000000,2021.6193188887748,167.619332
PMJMO-X2f-frozen,20,7,7,2026420706,21.989907593189855,1000000,2021.9899075931899,174.682019
PMJMO-X2f-frozen,20,7,8,2026420707,2.6147320928228055,1000000,2002.6147320928228,170.873594
PMJMO-X2f-frozen,20,7,9,2026420708,2.6148439723704087,1000000,2002.6148439723704,174.218499
PMJMO-X2f-frozen,20,7,10,2026420709,20.624584296046578,1000000,2020.6245842960466,162.9982
PMJMO-X2f-frozen,20,7,11,2026420710,24.29193909264336,1000000,2024.2919390926434,164.427283
PMJMO-X2f-frozen,20,7,12,2026420711,20.000336529011975,1000000,2020.000336529012,167.553578
PMJMO-X2f-frozen,20,7,13,2026420712,19.99997957304754,1000000,2019.9999795730475,167.291834
PMJMO-X2f-frozen,20,7,14,2026420713,14.555960599213677,1000000,2014.5559605992137,175.000973
PMJMO-X2f-frozen,20,7,15,2026420714,19.84852988739408,1000000,2019.848529887394,166.092825
PMJMO-X2f-frozen,20,7,16,2026420715,9.763498045019787,1000000,2009.7634980450198,176.774837
PMJMO-X2f-frozen,20,7,17,2026420716,33.895194518842345,1000000,2033.8951945188423,176.045781
PMJMO-X2f-frozen,20,7,18,2026420717,21.30707275126133,1000000,2021.3070727512613,168.212149
PMJMO-X2f-frozen,20,7,19,2026420718,19.999997533104533,1000000,2019.9999975331045,162.891205
PMJMO-X2f-frozen,20,7,20,2026420719,5.29052972654199,1000000,2005.290529726542,175.584464
PMJMO-X2f-frozen,20,7,21,2026420720,3.2971970821611194,1000000,2003.2971970821611,176.421329
PMJMO-X2f-frozen,20,7,22,2026420721,20.31240597395481,1000000,2020.3124059739548,164.147215
PMJMO-X2f-frozen,20,7,23,2026420722,6.281936177598254,1000000,2006.2819361775983,172.801492
PMJMO-X2f-frozen,20,7,24,2026420723,20.92575049795778,1000000,2020.9257504979578,162.027066
PMJMO-X2f-frozen,20,7,25,2026420724,1.3071665147451768,1000000,2001.3071665147452,166.694636
PMJMO-X2f-frozen,20,7,26,2026420725,4.974803887860389,1000000,2004.9748038878604,175.314509
PMJMO-X2f-frozen,20,7,27,2026420726,20.31229136686261,1000000,2020.3122913668626,171.296397
PMJMO-X2f-frozen,20,7,28,2026420727,2.307801087445341,1000000,2002.3078010874453,174.118569
PMJMO-X2f-frozen,20,7,29,2026420728,5.969762859707316,1000000,2005.9697628597073,177.895087
PMJMO-X2f-frozen,20,7,30,2026420729,6.595881975042175,1000000,2006.5958819750422,174.240856
PMJMO-X2f-frozen,20,8,1,2026420800,20.369038890471984,1000000,2220.369038890472,161.235771
PMJMO-X2f-frozen,20,8,2,2026420801,20.6815060451313,1000000,2220.6815060451313,160.668649
PMJMO-X2f-frozen,20,8,3,2026420802,20.491741597610144,1000000,2220.49174159761,161.86163
PMJMO-X2f-frozen,20,8,4,2026420803,20.27804271171226,1000000,2220.2780427117123,159.752539
PMJMO-X2f-frozen,20,8,5,2026420804,20.490738675115153,1000000,2220.490738675115,163.648351
PMJMO-X2f-frozen,20,8,6,2026420805,21.006265360121688,1000000,2221.0062653601217,170.958927
PMJMO-X2f-frozen,20,8,7,2026420806,20.32529099798103,1000000,2220.325290997981,159.379883
PMJMO-X2f-frozen,20,8,8,2026420807,20.14010591747592,1000000,2220.140105917476,161.388345
PMJMO-X2f-frozen,20,8,9,2026420808,20.198497482789662,1000000,2220.1984974827897,157.365178
PMJMO-X2f-frozen,20,8,10,2026420809,20.485784333119682,1000000,2220.4857843331197,161.593227
PMJMO-X2f-frozen,20,8,11,2026420810,20.39168699304173,1000000,2220.3916869930417,160.452585
PMJMO-X2f-frozen,20,8,12,2026420811,20.467568473242864,1000000,2220.467568473243,158.155615
PMJMO-X2f-frozen,20,8,13,2026420812,20.318186470763976,1000000,2220.318186470764,161.088119
PMJMO-X2f-frozen,20,8,14,2026420813,20.355574709711163,1000000,2220.355574709711,159.417551
PMJMO-X2f-frozen,20,8,15,2026420814,20.857041292960275,1000000,2220.8570412929603,166.335677
PMJMO-X2f-frozen,20,8,16,2026420815,20.398290052002267,1000000,2220.3982900520023,162.62726
PMJMO-X2f-frozen,20,8,17,2026420816,20.804529723389805,1000000,2220.80452972339,162.209946
PMJMO-X2f-frozen,20,8,18,2026420817,20.340992453196122,1000000,2220.340992453196,164.770803
PMJMO-X2f-frozen,20,8,19,2026420818,20.323815231549816,1000000,2220.32381523155,163.559397
PMJMO-X2f-frozen,20,8,20,2026420819,20.763378963021296,1000000,2220.7633789630213,179.79657
PMJMO-X2f-frozen,20,8,21,2026420820,20.372381631874305,1000000,2220.3723816318743,161.919334
PMJMO-X2f-frozen,20,8,22,2026420821,20.38092181794582,1000000,2220.380921817946,159.172242
PMJMO-X2f-frozen,20,8,23,2026420822,20.59111418401153,1000000,2220.5911141840115,162.71882
PMJMO-X2f-frozen,20,8,24,2026420823,20.137331310849277,1000000,2220.1373313108493,164.343417
PMJMO-X2f-frozen,20,8,25,2026420824,20.530063081343997,1000000,2220.530063081344,159.423715
PMJMO-X2f-frozen,20,8,26,2026420825,20.985489671873893,1000000,2220.985489671874,172.337536
PMJMO-X2f-frozen,20,8,27,2026420826,20.35205485942879,1000000,2220.352054859429,160.192236
PMJMO-X2f-frozen,20,8,28,2026420827,20.52029930450908,1000000,2220.520299304509,158.327541
PMJMO-X2f-frozen,20,8,29,2026420828,20.539076908741208,1000000,2220.539076908741,159.091083
PMJMO-X2f-frozen,20,8,30,2026420829,20.438481596286238,1000000,2220.4384815962862,160.098898
PMJMO-X2f-frozen,20,9,1,2026420900,180.78127167774664,1000000,2480.7812716777466,100.97878
PMJMO-X2f-frozen,20,9,2,2026420901,180.78127167774664,1000000,2480.7812716777466,100.459406
PMJMO-X2f-frozen,20,9,3,2026420902,180.78127167774664,1000000,2480.7812716777466,100.675494
PMJMO-X2f-frozen,20,9,4,2026420903,180.7812716777471,1000000,2480.781271677747,100.588446
PMJMO-X2f-frozen,20,9,5,2026420904,180.78127167774664,1000000,2480.7812716777466,98.503391
PMJMO-X2f-frozen,20,9,6,2026420905,180.78127167774664,1000000,2480.7812716777466,98.808879
PMJMO-X2f-frozen,20,9,7,2026420906,180.78127167774664,1000000,2480.7812716777466,99.534066
PMJMO-X2f-frozen,20,9,8,2026420907,180.7812716777471,1000000,2480.781271677747,99.440825
PMJMO-X2f-frozen,20,9,9,2026420908,180.78127167774664,1000000,2480.7812716777466,100.60597
PMJMO-X2f-frozen,20,9,10,2026420909,180.7812716777471,1000000,2480.781271677747,98.906922
PMJMO-X2f-frozen,20,9,11,2026420910,180.78127167774664,1000000,2480.7812716777466,98.851339
PMJMO-X2f-frozen,20,9,12,2026420911,180.7812716777471,1000000,2480.781271677747,98.709506
PMJMO-X2f-frozen,20,9,13,2026420912,180.78127167774664,1000000,2480.7812716777466,99.376571
PMJMO-X2f-frozen,20,9,14,2026420913,180.7812716777471,1000000,2480.781271677747,99.331658
PMJMO-X2f-frozen,20,9,15,2026420914,180.78127167774664,1000000,2480.7812716777466,99.106899
PMJMO-X2f-frozen,20,9,16,2026420915,180.78127167774664,1000000,2480.7812716777466,99.590532
PMJMO-X2f-frozen,20,9,17,2026420916,180.78127167774664,1000000,2480.7812716777466,98.979297
PMJMO-X2f-frozen,20,9,18,2026420917,180.78127167774664,1000000,2480.7812716777466,99.465206
PMJMO-X2f-frozen,20,9,19,2026420918,180.78127167774664,1000000,2480.7812716777466,99.769946
PMJMO-X2f-frozen,20,9,20,2026420919,180.7812716777471,1000000,2480.781271677747,99.933301
PMJMO-X2f-frozen,20,9,21,2026420920,180.7812716777471,1000000,2480.781271677747,98.599321
PMJMO-X2f-frozen,20,9,22,2026420921,180.78127167774664,1000000,2480.7812716777466,97.912343
PMJMO-X2f-frozen,20,9,23,2026420922,180.78127167774664,1000000,2480.7812716777466,99.158789
PMJMO-X2f-frozen,20,9,24,2026420923,180.7812716777471,1000000,2480.781271677747,99.611275
PMJMO-X2f-frozen,20,9,25,2026420924,180.78127167774664,1000000,2480.7812716777466,99.147637
PMJMO-X2f-frozen,20,9,26,2026420925,180.78127167774664,1000000,2480.7812716777466,99.76994
PMJMO-X2f-frozen,20,9,27,2026420926,180.7812716777471,1000000,2480.781271677747,98.363251
PMJMO-X2f-frozen,20,9,28,2026420927,180.78127167774664,1000000,2480.7812716777466,98.687087
PMJMO-X2f-frozen,20,9,29,2026420928,180.7812716777471,1000000,2480.781271677747,99.307215
PMJMO-X2f-frozen,20,9,30,2026420929,180.78127167774664,1000000,2480.7812716777466,99.31637
PMJMO-X2f-frozen,20,10,1,2026421000,100.35908713289973,1000000,2500.3590871328997,50.870645
PMJMO-X2f-frozen,20,10,2,2026421001,222.73025550826378,1000000,2622.730255508264,50.956396
PMJMO-X2f-frozen,20,10,3,2026421002,0.062461855817673495,1000000,2400.0624618558177,50.300358
PMJMO-X2f-frozen,20,10,4,2026421003,100.35305487346932,1000000,2500.3530548734693,52.196485
PMJMO-X2f-frozen,20,10,5,2026421004,100.38550953727872,1000000,2500.3855095372787,53.028529
PMJMO-X2f-frozen,20,10,6,2026421005,100.3854895777963,1000000,2500.3854895777963,53.448718
PMJMO-X2f-frozen,20,10,7,2026421006,100.39165084963952,1000000,2500.3916508496395,52.49847
PMJMO-X2f-frozen,20,10,8,2026421007,118.46957968769175,1000000,2518.4695796876917,57.497634
PMJMO-X2f-frozen,20,10,9,2026421008,100.35775245865307,1000000,2500.357752458653,54.279968
PMJMO-X2f-frozen,20,10,10,2026421009,100.29934191379289,1000000,2500.299341913793,51.647588
PMJMO-X2f-frozen,20,10,11,2026421010,100.3609264323859,1000000,2500.360926432386,53.014532
PMJMO-X2f-frozen,20,10,12,2026421011,100.3448815150573,1000000,2500.3448815150573,52.571108
PMJMO-X2f-frozen,20,10,13,2026421012,224.05898028857564,1000000,2624.0589802885756,50.496721
PMJMO-X2f-frozen,20,10,14,2026421013,100.48467176947315,1000000,2500.484671769473,52.41161
PMJMO-X2f-frozen,20,10,15,2026421014,224.26031128709792,1000000,2624.260311287098,50.798687
PMJMO-X2f-frozen,20,10,16,2026421015,0.06246528546080299,1000000,2400.062465285461,57.686977
PMJMO-X2f-frozen,20,10,17,2026421016,100.48912780302999,1000000,2500.48912780303,52.182753
PMJMO-X2f-frozen,20,10,18,2026421017,100.37103793560073,1000000,2500.3710379356007,50.857105
PMJMO-X2f-frozen,20,10,19,2026421018,100.43244906648124,1000000,2500.4324490664812,51.71077
PMJMO-X2f-frozen,20,10,20,2026421019,3.6654783628546284,1000000,2403.6654783628546,49.738888
PMJMO-X2f-frozen,20,10,21,2026421020,100.25676414876853,1000000,2500.2567641487685,50.766371
PMJMO-X2f-frozen,20,10,22,2026421021,221.64451518619398,1000000,2621.644515186194,50.303945
PMJMO-X2f-frozen,20,10,23,2026421022,0.06246216279168948,1000000,2400.0624621627917,58.396577
PMJMO-X2f-frozen,20,10,24,2026421023,100.46853060671356,1000000,2500.4685306067136,50.568423
PMJMO-X2f-frozen,20,10,25,2026421024,100.51499386759679,1000000,2500.514993867597,50.740488
PMJMO-X2f-frozen,20,10,26,2026421025,100.31941859778954,1000000,2500.3194185977895,51.024104
PMJMO-X2f-frozen,20,10,27,2026421026,100.30250291000539,1000000,2500.3025029100054,51.117741
PMJMO-X2f-frozen,20,10,28,2026421027,0,1000000,2400,53.284858
PMJMO-X2f-frozen,20,10,29,2026421028,100.39581590492344,1000000,2500.3958159049234,50.767505
PMJMO-X2f-frozen,20,10,30,2026421029,228.37447832657563,1000000,2628.3744783265756,49.974509
PMJMO-X2f-frozen,20,11,1,2026421100,400.00000000000045,1000000,3000.0000000000005,182.966295
PMJMO-X2f-frozen,20,11,2,2026421101,300.00000000000045,1000000,2900.0000000000005,178.685953
PMJMO-X2f-frozen,20,11,3,2026421102,300.00000000000045,1000000,2900.0000000000005,168.573327
PMJMO-X2f-frozen,20,11,4,2026421103,400.00000000000045,1000000,3000.0000000000005,180.468728
PMJMO-X2f-frozen,20,11,5,2026421104,300.0000000000009,1000000,2900.000000000001,156.921161
PMJMO-X2f-frozen,20,11,6,2026421105,300.00000000000045,1000000,2900.0000000000005,174.984308
PMJMO-X2f-frozen,20,11,7,2026421106,400.00000000000045,1000000,3000.0000000000005,180.820994
PMJMO-X2f-frozen,20,11,8,2026421107,300.0000000000009,1000000,2900.000000000001,180.040997
PMJMO-X2f-frozen,20,11,9,2026421108,300.0000000000009,1000000,2900.000000000001,179.563656
PMJMO-X2f-frozen,20,11,10,2026421109,300.0000000000009,1000000,2900.000000000001,179.795651
PMJMO-X2f-frozen,20,11,11,2026421110,300.0000000000009,1000000,2900.000000000001,179.88804
PMJMO-X2f-frozen,20,11,12,2026421111,300.0000000000009,1000000,2900.000000000001,180.265451
PMJMO-X2f-frozen,20,11,13,2026421112,300.00000000000045,1000000,2900.0000000000005,179.797568
PMJMO-X2f-frozen,20,11,14,2026421113,300.0000000000009,1000000,2900.000000000001,157.104497
PMJMO-X2f-frozen,20,11,15,2026421114,400.00000000000045,1000000,3000.0000000000005,181.084748
PMJMO-X2f-frozen,20,11,16,2026421115,300.00000000000045,1000000,2900.0000000000005,181.09779
PMJMO-X2f-frozen,20,11,17,2026421116,300.00000000000045,1000000,2900.0000000000005,179.703565
PMJMO-X2f-frozen,20,11,18,2026421117,300.00000000000045,1000000,2900.0000000000005,158.269827
PMJMO-X2f-frozen,20,11,19,2026421118,300.00000000000045,1000000,2900.0000000000005,167.621912
PMJMO-X2f-frozen,20,11,20,2026421119,400.00000000000045,1000000,3000.0000000000005,156.755288
PMJMO-X2f-frozen,20,11,21,2026421120,300.0000000000009,1000000,2900.000000000001,156.528469
PMJMO-X2f-frozen,20,11,22,2026421121,400.00000000000045,1000000,3000.0000000000005,180.369202
PMJMO-X2f-frozen,20,11,23,2026421122,300.0000000000009,1000000,2900.000000000001,157.031906
PMJMO-X2f-frozen,20,11,24,2026421123,300.0000000000009,1000000,2900.000000000001,180.159352
PMJMO-X2f-frozen,20,11,25,2026421124,300.0000000000009,1000000,2900.000000000001,156.190107
PMJMO-X2f-frozen,20,11,26,2026421125,300.00000000000045,1000000,2900.0000000000005,180.543813
PMJMO-X2f-frozen,20,11,27,2026421126,300.00000000000045,1000000,2900.0000000000005,179.630709
PMJMO-X2f-frozen,20,11,28,2026421127,300.0000000000009,1000000,2900.000000000001,179.817551
PMJMO-X2f-frozen,20,11,29,2026421128,400.00000000000045,1000000,3000.0000000000005,180.103374
PMJMO-X2f-frozen,20,11,30,2026421129,300.00000000000045,1000000,2900.0000000000005,179.879407
PMJMO-X2f-frozen,20,12,1,2026421200,240.044050764473,1000000,2940.044050764473,184.62579
PMJMO-X2f-frozen,20,12,2,2026421201,253.75445621079416,1000000,2953.754456210794,182.863671
PMJMO-X2f-frozen,20,12,3,2026421202,240.56403948016396,1000000,2940.564039480164,183.591988
PMJMO-X2f-frozen,20,12,4,2026421203,233.47836329842767,1000000,2933.4783632984277,181.593476
PMJMO-X2f-frozen,20,12,5,2026421204,241.79019030953668,1000000,2941.7901903095367,184.25756
PMJMO-X2f-frozen,20,12,6,2026421205,239.57015659206627,1000000,2939.5701565920663,185.116886
PMJMO-X2f-frozen,20,12,7,2026421206,239.33564452318478,1000000,2939.335644523185,183.419686
PMJMO-X2f-frozen,20,12,8,2026421207,241.28466916704429,1000000,2941.2846691670443,183.477396
PMJMO-X2f-frozen,20,12,9,2026421208,242.05773145284184,1000000,2942.057731452842,184.236789
PMJMO-X2f-frozen,20,12,10,2026421209,233.90000513994346,1000000,2933.9000051399435,182.66424
PMJMO-X2f-frozen,20,12,11,2026421210,235.71971637534625,1000000,2935.7197163753463,182.84516
PMJMO-X2f-frozen,20,12,12,2026421211,233.35071871445962,1000000,2933.3507187144596,182.709644
PMJMO-X2f-frozen,20,12,13,2026421212,238.44739983581712,1000000,2938.447399835817,182.854318
PMJMO-X2f-frozen,20,12,14,2026421213,264.35413241019705,1000000,2964.354132410197,182.773834
PMJMO-X2f-frozen,20,12,15,2026421214,247.01349147253677,1000000,2947.0134914725368,180.717271
PMJMO-X2f-frozen,20,12,16,2026421215,240.6845097684636,1000000,2940.6845097684636,183.005781
PMJMO-X2f-frozen,20,12,17,2026421216,246.57152602321548,1000000,2946.5715260232155,183.358891
PMJMO-X2f-frozen,20,12,18,2026421217,232.92017685310702,1000000,2932.920176853107,183.015971
PMJMO-X2f-frozen,20,12,19,2026421218,248.25308669168135,1000000,2948.2530866916813,182.811461
PMJMO-X2f-frozen,20,12,20,2026421219,241.38753540683047,1000000,2941.3875354068305,183.672078
PMJMO-X2f-frozen,20,12,21,2026421220,244.73435407713714,1000000,2944.734354077137,182.448941
PMJMO-X2f-frozen,20,12,22,2026421221,247.95134482249523,1000000,2947.9513448224952,182.699319
PMJMO-X2f-frozen,20,12,23,2026421222,236.40754031587994,1000000,2936.40754031588,180.993767
PMJMO-X2f-frozen,20,12,24,2026421223,234.04953002235789,1000000,2934.049530022358,159.810875
PMJMO-X2f-frozen,20,12,25,2026421224,242.83803995055086,1000000,2942.838039950551,183.351906
PMJMO-X2f-frozen,20,12,26,2026421225,237.29760735558648,1000000,2937.2976073555865,183.083027
PMJMO-X2f-frozen,20,12,27,2026421226,244.21896867327723,1000000,2944.2189686732772,183.660632
PMJMO-X2f-frozen,20,12,28,2026421227,257.2990985449446,1000000,2957.2990985449446,159.589275
PMJMO-X2f-frozen,20,12,29,2026421228,237.92462768853284,1000000,2937.924627688533,182.624037
PMJMO-X2f-frozen,20,12,30,2026421229,252.00716855330393,1000000,2952.007168553304,183.089748
RDEx-SOP,10,1,1,2026320100,0,200002,,
RDEx-SOP,10,1,2,2026320101,0,200002,,
RDEx-SOP,10,1,3,2026320102,0,200002,,
RDEx-SOP,10,1,4,2026320103,0,200002,,
RDEx-SOP,10,1,5,2026320104,0,200002,,
RDEx-SOP,10,1,6,2026320105,0,200002,,
RDEx-SOP,10,1,7,2026320106,0,200002,,
RDEx-SOP,10,1,8,2026320107,0,200002,,
RDEx-SOP,10,1,9,2026320108,0,200002,,
RDEx-SOP,10,1,10,2026320109,0,200002,,
RDEx-SOP,10,1,11,2026320110,0,200002,,
RDEx-SOP,10,1,12,2026320111,0,200002,,
RDEx-SOP,10,1,13,2026320112,0,200002,,
RDEx-SOP,10,1,14,2026320113,0,200002,,
RDEx-SOP,10,1,15,2026320114,0,200002,,
RDEx-SOP,10,1,16,2026320115,0,200002,,
RDEx-SOP,10,1,17,2026320116,0,200002,,
RDEx-SOP,10,1,18,2026320117,0,200002,,
RDEx-SOP,10,1,19,2026320118,0,200002,,
RDEx-SOP,10,1,20,2026320119,0,200002,,
RDEx-SOP,10,1,21,2026320120,0,200002,,
RDEx-SOP,10,1,22,2026320121,0,200002,,
RDEx-SOP,10,1,23,2026320122,0,200002,,
RDEx-SOP,10,1,24,2026320123,0,200002,,
RDEx-SOP,10,1,25,2026320124,0,200002,,
RDEx-SOP,10,1,26,2026320125,0,200002,,
RDEx-SOP,10,1,27,2026320126,0,200002,,
RDEx-SOP,10,1,28,2026320127,0,200002,,
RDEx-SOP,10,1,29,2026320128,0,200002,,
RDEx-SOP,10,1,30,2026320129,0,200002,,
RDEx-SOP,10,2,1,2026320200,0,200002,,
RDEx-SOP,10,2,2,2026320201,0.8211542687893711,200002,,
RDEx-SOP,10,2,3,2026320202,0,200002,,
RDEx-SOP,10,2,4,2026320203,0,200002,,
RDEx-SOP,10,2,5,2026320204,3.986579112347158,200002,,
RDEx-SOP,10,2,6,2026320205,0,200002,,
RDEx-SOP,10,2,7,2026320206,3.986579112347158,200002,,
RDEx-SOP,10,2,8,2026320207,0,200002,,
RDEx-SOP,10,2,9,2026320208,0.9293408847644855,200002,,
RDEx-SOP,10,2,10,2026320209,0,200002,,
RDEx-SOP,10,2,11,2026320210,0,200002,,
RDEx-SOP,10,2,12,2026320211,0,200002,,
RDEx-SOP,10,2,13,2026320212,3.986579112347158,200002,,
RDEx-SOP,10,2,14,2026320213,3.986579112347158,200002,,
RDEx-SOP,10,2,15,2026320214,0,200002,,
RDEx-SOP,10,2,16,2026320215,0,200002,,
RDEx-SOP,10,2,17,2026320216,0,200002,,
RDEx-SOP,10,2,18,2026320217,1.0203322947209017,200002,,
RDEx-SOP,10,2,19,2026320218,0,200002,,
RDEx-SOP,10,2,20,2026320219,3.986579112347158,200002,,
RDEx-SOP,10,2,21,2026320220,0,200002,,
RDEx-SOP,10,2,22,2026320221,0,200002,,
RDEx-SOP,10,2,23,2026320222,0,200002,,
RDEx-SOP,10,2,24,2026320223,0,200002,,
RDEx-SOP,10,2,25,2026320224,3.986579112347158,200002,,
RDEx-SOP,10,2,26,2026320225,1.107292603743531,200002,,
RDEx-SOP,10,2,27,2026320226,0,200002,,
RDEx-SOP,10,2,28,2026320227,0,200002,,
RDEx-SOP,10,2,29,2026320228,0,200002,,
RDEx-SOP,10,2,30,2026320229,0,200002,,
RDEx-SOP,10,3,1,2026320300,0,200002,,
RDEx-SOP,10,3,2,2026320301,0,200002,,
RDEx-SOP,10,3,3,2026320302,0,200002,,
RDEx-SOP,10,3,4,2026320303,0,200002,,
RDEx-SOP,10,3,5,2026320304,0,200002,,
RDEx-SOP,10,3,6,2026320305,0,200002,,
RDEx-SOP,10,3,7,2026320306,0,200002,,
RDEx-SOP,10,3,8,2026320307,0,200002,,
RDEx-SOP,10,3,9,2026320308,0,200002,,
RDEx-SOP,10,3,10,2026320309,0,200002,,
RDEx-SOP,10,3,11,2026320310,0,200002,,
RDEx-SOP,10,3,12,2026320311,0,200002,,
RDEx-SOP,10,3,13,2026320312,0,200002,,
RDEx-SOP,10,3,14,2026320313,0,200002,,
RDEx-SOP,10,3,15,2026320314,0,200002,,
RDEx-SOP,10,3,16,2026320315,0,200002,,
RDEx-SOP,10,3,17,2026320316,0,200002,,
RDEx-SOP,10,3,18,2026320317,0,200002,,
RDEx-SOP,10,3,19,2026320318,0,200002,,
RDEx-SOP,10,3,20,2026320319,0,200002,,
RDEx-SOP,10,3,21,2026320320,0,200002,,
RDEx-SOP,10,3,22,2026320321,0,200002,,
RDEx-SOP,10,3,23,2026320322,0,200002,,
RDEx-SOP,10,3,24,2026320323,0,200002,,
RDEx-SOP,10,3,25,2026320324,0,200002,,
RDEx-SOP,10,3,26,2026320325,0,200002,,
RDEx-SOP,10,3,27,2026320326,0,200002,,
RDEx-SOP,10,3,28,2026320327,0,200002,,
RDEx-SOP,10,3,29,2026320328,0,200002,,
RDEx-SOP,10,3,30,2026320329,0,200002,,
RDEx-SOP,10,4,1,2026320400,0,200002,,
RDEx-SOP,10,4,2,2026320401,0,200002,,
RDEx-SOP,10,4,3,2026320402,1.9899181141865938,200002,,
RDEx-SOP,10,4,4,2026320403,0.9949590570932969,200002,,
RDEx-SOP,10,4,5,2026320404,0,200002,,
RDEx-SOP,10,4,6,2026320405,1.9899181141865938,200002,,
RDEx-SOP,10,4,7,2026320406,1.9899181141865938,200002,,
RDEx-SOP,10,4,8,2026320407,0,200002,,
RDEx-SOP,10,4,9,2026320408,0.9949590570932969,200002,,
RDEx-SOP,10,4,10,2026320409,0.9949590570932969,200002,,
RDEx-SOP,10,4,11,2026320410,0.9949590570932969,200002,,
RDEx-SOP,10,4,12,2026320411,0,200002,,
RDEx-SOP,10,4,13,2026320412,0.9949590570932969,200002,,
RDEx-SOP,10,4,14,2026320413,0,200002,,
RDEx-SOP,10,4,15,2026320414,0.9949590570932969,200002,,
RDEx-SOP,10,4,16,2026320415,0.9949590570932969,200002,,
RDEx-SOP,10,4,17,2026320416,1.9899181141865938,200002,,
RDEx-SOP,10,4,18,2026320417,0,200002,,
RDEx-SOP,10,4,19,2026320418,0.9949590570932969,200002,,
RDEx-SOP,10,4,20,2026320419,0,200002,,
RDEx-SOP,10,4,21,2026320420,0,200002,,
RDEx-SOP,10,4,22,2026320421,0,200002,,
RDEx-SOP,10,4,23,2026320422,0,200002,,
RDEx-SOP,10,4,24,2026320423,0.9949590570932969,200002,,
RDEx-SOP,10,4,25,2026320424,0,200002,,
RDEx-SOP,10,4,26,2026320425,0,200002,,
RDEx-SOP,10,4,27,2026320426,0.9949590570932969,200002,,
RDEx-SOP,10,4,28,2026320427,0.9949590570932969,200002,,
RDEx-SOP,10,4,29,2026320428,0.9949590570932969,200002,,
RDEx-SOP,10,4,30,2026320429,2.9848771712798907,200002,,
RDEx-SOP,10,5,1,2026320500,0,200002,,
RDEx-SOP,10,5,2,2026320501,0,200002,,
RDEx-SOP,10,5,3,2026320502,0,200002,,
RDEx-SOP,10,5,4,2026320503,0,200002,,
RDEx-SOP,10,5,5,2026320504,0,200002,,
RDEx-SOP,10,5,6,2026320505,0,200002,,
RDEx-SOP,10,5,7,2026320506,0,200002,,
RDEx-SOP,10,5,8,2026320507,0,200002,,
RDEx-SOP,10,5,9,2026320508,0,200002,,
RDEx-SOP,10,5,10,2026320509,0,200002,,
RDEx-SOP,10,5,11,2026320510,0,200002,,
RDEx-SOP,10,5,12,2026320511,0,200002,,
RDEx-SOP,10,5,13,2026320512,0,200002,,
RDEx-SOP,10,5,14,2026320513,0,200002,,
RDEx-SOP,10,5,15,2026320514,0,200002,,
RDEx-SOP,10,5,16,2026320515,0,200002,,
RDEx-SOP,10,5,17,2026320516,0,200002,,
RDEx-SOP,10,5,18,2026320517,0,200002,,
RDEx-SOP,10,5,19,2026320518,0,200002,,
RDEx-SOP,10,5,20,2026320519,0,200002,,
RDEx-SOP,10,5,21,2026320520,0,200002,,
RDEx-SOP,10,5,22,2026320521,0,200002,,
RDEx-SOP,10,5,23,2026320522,0,200002,,
RDEx-SOP,10,5,24,2026320523,0,200002,,
RDEx-SOP,10,5,25,2026320524,0,200002,,
RDEx-SOP,10,5,26,2026320525,0,200002,,
RDEx-SOP,10,5,27,2026320526,0,200002,,
RDEx-SOP,10,5,28,2026320527,0,200002,,
RDEx-SOP,10,5,29,2026320528,0,200002,,
RDEx-SOP,10,5,30,2026320529,0,200002,,
RDEx-SOP,10,6,1,2026320600,0.49898329330312663,200002,,
RDEx-SOP,10,6,2,2026320601,0.019416032990875465,200002,,
RDEx-SOP,10,6,3,2026320602,0.14467684578016815,200002,,
RDEx-SOP,10,6,4,2026320603,0.49991059246076475,200002,,
RDEx-SOP,10,6,5,2026320604,0.2308432109853129,200002,,
RDEx-SOP,10,6,6,2026320605,0.49836741036142485,200002,,
RDEx-SOP,10,6,7,2026320606,0.4947895698003322,200002,,
RDEx-SOP,10,6,8,2026320607,0.4999750749127543,200002,,
RDEx-SOP,10,6,9,2026320608,0.45208937221855194,200002,,
RDEx-SOP,10,6,10,2026320609,0.4023059008063683,200002,,
RDEx-SOP,10,6,11,2026320610,0.36888806784645567,200002,,
RDEx-SOP,10,6,12,2026320611,0.1547570133031968,200002,,
RDEx-SOP,10,6,13,2026320612,0.03625766619438764,200002,,
RDEx-SOP,10,6,14,2026320613,0.37677985199206887,200002,,
RDEx-SOP,10,6,15,2026320614,0.49999992455855136,200002,,
RDEx-SOP,10,6,16,2026320615,0.49972851551729036,200002,,
RDEx-SOP,10,6,17,2026320616,0.24463670141562943,200002,,
RDEx-SOP,10,6,18,2026320617,0.4152597559057085,200002,,
RDEx-SOP,10,6,19,2026320618,0.014505365060131226,200002,,
RDEx-SOP,10,6,20,2026320619,0.49053171818695773,200002,,
RDEx-SOP,10,6,21,2026320620,0.44869903175617765,200002,,
RDEx-SOP,10,6,22,2026320621,0.4813927858124316,200002,,
RDEx-SOP,10,6,23,2026320622,0.10395572000561515,200002,,
RDEx-SOP,10,6,24,2026320623,0.00105673292910069,200002,,
RDEx-SOP,10,6,25,2026320624,0.43243340523440565,200002,,
RDEx-SOP,10,6,26,2026320625,0.06421916717249587,200002,,
RDEx-SOP,10,6,27,2026320626,0.47197559398932754,200002,,
RDEx-SOP,10,6,28,2026320627,0.2535520428352811,200002,,
RDEx-SOP,10,6,29,2026320628,0.3921111602185192,200002,,
RDEx-SOP,10,6,30,2026320629,0.3216121981481592,200002,,
RDEx-SOP,10,7,1,2026320700,0.9949590570934106,200002,,
RDEx-SOP,10,7,2,2026320701,0.6240993205096856,200002,,
RDEx-SOP,10,7,3,2026320702,0.6240993205096856,200002,,
RDEx-SOP,10,7,4,2026320703,0.6240993205096856,200002,,
RDEx-SOP,10,7,5,2026320704,0,200002,,
RDEx-SOP,10,7,6,2026320705,0,200002,,
RDEx-SOP,10,7,7,2026320706,0,200002,,
RDEx-SOP,10,7,8,2026320707,0,200002,,
RDEx-SOP,10,7,9,2026320708,0,200002,,
RDEx-SOP,10,7,10,2026320709,0.6240993205096856,200002,,
RDEx-SOP,10,7,11,2026320710,0,200002,,
RDEx-SOP,10,7,12,2026320711,0,200002,,
RDEx-SOP,10,7,13,2026320712,0,200002,,
RDEx-SOP,10,7,14,2026320713,0,200002,,
RDEx-SOP,10,7,15,2026320714,0,200002,,
RDEx-SOP,10,7,16,2026320715,0,200002,,
RDEx-SOP,10,7,17,2026320716,0,200002,,
RDEx-SOP,10,7,18,2026320717,0,200002,,
RDEx-SOP,10,7,19,2026320718,0,200002,,
RDEx-SOP,10,7,20,2026320719,0,200002,,
RDEx-SOP,10,7,21,2026320720,0,200002,,
RDEx-SOP,10,7,22,2026320721,0,200002,,
RDEx-SOP,10,7,23,2026320722,0.6240993205096856,200002,,
RDEx-SOP,10,7,24,2026320723,0.6240993205096856,200002,,
RDEx-SOP,10,7,25,2026320724,0.6240993205096856,200002,,
RDEx-SOP,10,7,26,2026320725,0,200002,,
RDEx-SOP,10,7,27,2026320726,1.6190583776028689,200002,,
RDEx-SOP,10,7,28,2026320727,0.6240993205096856,200002,,
RDEx-SOP,10,7,29,2026320728,0,200002,,
RDEx-SOP,10,7,30,2026320729,0.6240993205096856,200002,,
RDEx-SOP,10,8,1,2026320800,0.17799182094313437,200002,,
RDEx-SOP,10,8,2,2026320801,0.24605725886340224,200002,,
RDEx-SOP,10,8,3,2026320802,0.04009871540938548,200002,,
RDEx-SOP,10,8,4,2026320803,0.644484877452669,200002,,
RDEx-SOP,10,8,5,2026320804,0.04665719056220041,200002,,
RDEx-SOP,10,8,6,2026320805,0.12178124206138818,200002,,
RDEx-SOP,10,8,7,2026320806,20.00271806178216,200002,,
RDEx-SOP,10,8,8,2026320807,0.12252632008994624,200002,,
RDEx-SOP,10,8,9,2026320808,0.124621917643708,200002,,
RDEx-SOP,10,8,10,2026320809,20.026801478829384,200002,,
RDEx-SOP,10,8,11,2026320810,0.12392526964640638,200002,,
RDEx-SOP,10,8,12,2026320811,0.05596315218190284,200002,,
RDEx-SOP,10,8,13,2026320812,0.09862882199604428,200002,,
RDEx-SOP,10,8,14,2026320813,0.17715070791655307,200002,,
RDEx-SOP,10,8,15,2026320814,0.001651212195156404,200002,,
RDEx-SOP,10,8,16,2026320815,0.0011241839870308468,200002,,
RDEx-SOP,10,8,17,2026320816,0.008035588219627243,200002,,
RDEx-SOP,10,8,18,2026320817,0.1108349298488065,200002,,
RDEx-SOP,10,8,19,2026320818,0.03247933656575697,200002,,
RDEx-SOP,10,8,20,2026320819,0.12838650286539632,200002,,
RDEx-SOP,10,8,21,2026320820,0.17829827089644823,200002,,
RDEx-SOP,10,8,22,2026320821,0.09930515587802802,200002,,
RDEx-SOP,10,8,23,2026320822,0.7582756731944755,200002,,
RDEx-SOP,10,8,24,2026320823,0.13474466859133827,200002,,
RDEx-SOP,10,8,25,2026320824,0.11307847043462971,200002,,
RDEx-SOP,10,8,26,2026320825,0.8098759705890188,200002,,
RDEx-SOP,10,8,27,2026320826,0.6265129422017708,200002,,
RDEx-SOP,10,8,28,2026320827,0.03563232989927201,200002,,
RDEx-SOP,10,8,29,2026320828,0.12500764840388,200002,,
RDEx-SOP,10,8,30,2026320829,0.12841070897093232,200002,,
RDEx-SOP,10,9,1,2026320900,190.65360984596646,200002,,
RDEx-SOP,10,9,2,2026320901,190.51108683048142,200002,,
RDEx-SOP,10,9,3,2026320902,191.61621036386987,200002,,
RDEx-SOP,10,9,4,2026320903,192.25219579291115,200002,,
RDEx-SOP,10,9,5,2026320904,191.63107433500318,200002,,
RDEx-SOP,10,9,6,2026320905,191.93185763634528,200002,,
RDEx-SOP,10,9,7,2026320906,191.7304252819581,200002,,
RDEx-SOP,10,9,8,2026320907,191.94854741076915,200002,,
RDEx-SOP,10,9,9,2026320908,189.5902865908347,200002,,
RDEx-SOP,10,9,10,2026320909,191.86480655044807,200002,,
RDEx-SOP,10,9,11,2026320910,190.8841717198543,200002,,
RDEx-SOP,10,9,12,2026320911,189.85596311473546,200002,,
RDEx-SOP,10,9,13,2026320912,189.46167601918205,200002,,
RDEx-SOP,10,9,14,2026320913,189.79733725966253,200002,,
RDEx-SOP,10,9,15,2026320914,192.30477007281206,200002,,
RDEx-SOP,10,9,16,2026320915,190.83877524061518,200002,,
RDEx-SOP,10,9,17,2026320916,190.21247273842346,200002,,
RDEx-SOP,10,9,18,2026320917,190.52318526972567,200002,,
RDEx-SOP,10,9,19,2026320918,190.8788245928081,200002,,
RDEx-SOP,10,9,20,2026320919,189.67743833806435,200002,,
RDEx-SOP,10,9,21,2026320920,191.4640741785597,200002,,
RDEx-SOP,10,9,22,2026320921,190.64123864991234,200002,,
RDEx-SOP,10,9,23,2026320922,192.14959390265267,200002,,
RDEx-SOP,10,9,24,2026320923,189.33727112879615,200002,,
RDEx-SOP,10,9,25,2026320924,189.72266893407095,200002,,
RDEx-SOP,10,9,26,2026320925,190.79398288826542,200002,,
RDEx-SOP,10,9,27,2026320926,190.61966052395746,200002,,
RDEx-SOP,10,9,28,2026320927,192.495388981034,200002,,
RDEx-SOP,10,9,29,2026320928,189.01462806182053,200002,,
RDEx-SOP,10,9,30,2026320929,190.45982115293418,200002,,
RDEx-SOP,10,10,1,2026321000,100.14325931161238,200002,,
RDEx-SOP,10,10,2,2026321001,100.22191369336679,200002,,
RDEx-SOP,10,10,3,2026321002,100.13767270795597,200002,,
RDEx-SOP,10,10,4,2026321003,100.1589186147994,200002,,
RDEx-SOP,10,10,5,2026321004,100.18193076693115,200002,,
RDEx-SOP,10,10,6,2026321005,100.20813878008221,200002,,
RDEx-SOP,10,10,7,2026321006,100.16983766488511,200002,,
RDEx-SOP,10,10,8,2026321007,100.19481901593008,200002,,
RDEx-SOP,10,10,9,2026321008,100.22381164639728,200002,,
RDEx-SOP,10,10,10,2026321009,100.15675457330872,200002,,
RDEx-SOP,10,10,11,2026321010,100.1929269813545,200002,,
RDEx-SOP,10,10,12,2026321011,100.22883088647723,200002,,
RDEx-SOP,10,10,13,2026321012,206.51518306518165,200002,,
RDEx-SOP,10,10,14,2026321013,100.19045644964353,200002,,
RDEx-SOP,10,10,15,2026321014,100.18765061433623,200002,,
RDEx-SOP,10,10,16,2026321015,100.17626000580185,200002,,
RDEx-SOP,10,10,17,2026321016,100.1432506027686,200002,,
RDEx-SOP,10,10,18,2026321017,100.19965745681338,200002,,
RDEx-SOP,10,10,19,2026321018,100.17079966718438,200002,,
RDEx-SOP,10,10,20,2026321019,100.20448636062429,200002,,
RDEx-SOP,10,10,21,2026321020,205.44600578069412,200002,,
RDEx-SOP,10,10,22,2026321021,100.1823503319506,200002,,
RDEx-SOP,10,10,23,2026321022,100.24122585966688,200002,,
RDEx-SOP,10,10,24,2026321023,100.14738890637182,200002,,
RDEx-SOP,10,10,25,2026321024,100.21033353473331,200002,,
RDEx-SOP,10,10,26,2026321025,204.34749915546627,200002,,
RDEx-SOP,10,10,27,2026321026,100.15140928709343,200002,,
RDEx-SOP,10,10,28,2026321027,100.15875648047586,200002,,
RDEx-SOP,10,10,29,2026321028,100.16263898957504,200002,,
RDEx-SOP,10,10,30,2026321029,100.18350486904956,200002,,
RDEx-SOP,10,11,1,2026321100,0,200002,,
RDEx-SOP,10,11,2,2026321101,0,200002,,
RDEx-SOP,10,11,3,2026321102,0,200002,,
RDEx-SOP,10,11,4,2026321103,0,200002,,
RDEx-SOP,10,11,5,2026321104,0,200002,,
RDEx-SOP,10,11,6,2026321105,0,200002,,
RDEx-SOP,10,11,7,2026321106,0,200002,,
RDEx-SOP,10,11,8,2026321107,0,200002,,
RDEx-SOP,10,11,9,2026321108,0,200002,,
RDEx-SOP,10,11,10,2026321109,0,200002,,
RDEx-SOP,10,11,11,2026321110,0,200002,,
RDEx-SOP,10,11,12,2026321111,0,200002,,
RDEx-SOP,10,11,13,2026321112,0,200002,,
RDEx-SOP,10,11,14,2026321113,0,200002,,
RDEx-SOP,10,11,15,2026321114,0,200002,,
RDEx-SOP,10,11,16,2026321115,0,200002,,
RDEx-SOP,10,11,17,2026321116,0,200002,,
RDEx-SOP,10,11,18,2026321117,0,200002,,
RDEx-SOP,10,11,19,2026321118,0,200002,,
RDEx-SOP,10,11,20,2026321119,0,200002,,
RDEx-SOP,10,11,21,2026321120,0,200002,,
RDEx-SOP,10,11,22,2026321121,0,200002,,
RDEx-SOP,10,11,23,2026321122,0,200002,,
RDEx-SOP,10,11,24,2026321123,0,200002,,
RDEx-SOP,10,11,25,2026321124,0,200002,,
RDEx-SOP,10,11,26,2026321125,0,200002,,
RDEx-SOP,10,11,27,2026321126,0,200002,,
RDEx-SOP,10,11,28,2026321127,0,200002,,
RDEx-SOP,10,11,29,2026321128,0,200002,,
RDEx-SOP,10,11,30,2026321129,0,200002,,
RDEx-SOP,10,12,1,2026321200,149.15183578642063,200002,,
RDEx-SOP,10,12,2,2026321201,150.52109949784062,200002,,
RDEx-SOP,10,12,3,2026321202,150.48366907944273,200002,,
RDEx-SOP,10,12,4,2026321203,156.70229342192624,200002,,
RDEx-SOP,10,12,5,2026321204,159.0546598991209,200002,,
RDEx-SOP,10,12,6,2026321205,150.15134381806865,200002,,
RDEx-SOP,10,12,7,2026321206,146.4742684282146,200002,,
RDEx-SOP,10,12,8,2026321207,149.5106688356709,200002,,
RDEx-SOP,10,12,9,2026321208,148.88071361287484,200002,,
RDEx-SOP,10,12,10,2026321209,150.1506608202517,200002,,
RDEx-SOP,10,12,11,2026321210,151.20731364369567,200002,,
RDEx-SOP,10,12,12,2026321211,147.47114010190535,200002,,
RDEx-SOP,10,12,13,2026321212,147.08933616946706,200002,,
RDEx-SOP,10,12,14,2026321213,150.03512959390173,200002,,
RDEx-SOP,10,12,15,2026321214,156.1802636537641,200002,,
RDEx-SOP,10,12,16,2026321215,150.521063235572,200002,,
RDEx-SOP,10,12,17,2026321216,149.53062893510878,200002,,
RDEx-SOP,10,12,18,2026321217,150.03415855559433,200002,,
RDEx-SOP,10,12,19,2026321218,149.5198706167107,200002,,
RDEx-SOP,10,12,20,2026321219,149.53067384866517,200002,,
RDEx-SOP,10,12,21,2026321220,156.38763042119945,200002,,
RDEx-SOP,10,12,22,2026321221,148.63679419906066,200002,,
RDEx-SOP,10,12,23,2026321222,153.0060952317226,200002,,
RDEx-SOP,10,12,24,2026321223,148.63760458858314,200002,,
RDEx-SOP,10,12,25,2026321224,152.63254459672953,200002,,
RDEx-SOP,10,12,26,2026321225,158.9749917072354,200002,,
RDEx-SOP,10,12,27,2026321226,153.88704716869506,200002,,
RDEx-SOP,10,12,28,2026321227,150.52946209857146,200002,,
RDEx-SOP,10,12,29,2026321228,155.96619315960697,200002,,
RDEx-SOP,10,12,30,2026321229,152.95924829775004,200002,,
RDEx-SOP,20,1,1,2026420100,0,1000000,,
RDEx-SOP,20,1,2,2026420101,0,1000000,,
RDEx-SOP,20,1,3,2026420102,0,1000000,,
RDEx-SOP,20,1,4,2026420103,0,1000000,,
RDEx-SOP,20,1,5,2026420104,0,1000000,,
RDEx-SOP,20,1,6,2026420105,0,1000000,,
RDEx-SOP,20,1,7,2026420106,0,1000000,,
RDEx-SOP,20,1,8,2026420107,0,1000000,,
RDEx-SOP,20,1,9,2026420108,0,1000000,,
RDEx-SOP,20,1,10,2026420109,0,1000000,,
RDEx-SOP,20,1,11,2026420110,0,1000000,,
RDEx-SOP,20,1,12,2026420111,0,1000000,,
RDEx-SOP,20,1,13,2026420112,0,1000000,,
RDEx-SOP,20,1,14,2026420113,0,1000000,,
RDEx-SOP,20,1,15,2026420114,0,1000000,,
RDEx-SOP,20,1,16,2026420115,0,1000000,,
RDEx-SOP,20,1,17,2026420116,0,1000000,,
RDEx-SOP,20,1,18,2026420117,0,1000000,,
RDEx-SOP,20,1,19,2026420118,0,1000000,,
RDEx-SOP,20,1,20,2026420119,0,1000000,,
RDEx-SOP,20,1,21,2026420120,0,1000000,,
RDEx-SOP,20,1,22,2026420121,0,1000000,,
RDEx-SOP,20,1,23,2026420122,0,1000000,,
RDEx-SOP,20,1,24,2026420123,0,1000000,,
RDEx-SOP,20,1,25,2026420124,0,1000000,,
RDEx-SOP,20,1,26,2026420125,0,1000000,,
RDEx-SOP,20,1,27,2026420126,0,1000000,,
RDEx-SOP,20,1,28,2026420127,0,1000000,,
RDEx-SOP,20,1,29,2026420128,0,1000000,,
RDEx-SOP,20,1,30,2026420129,0,1000000,,
RDEx-SOP,20,2,1,2026420200,17.450488155923495,1000000,,
RDEx-SOP,20,2,2,2026420201,17.530968448205385,1000000,,
RDEx-SOP,20,2,3,2026420202,17.714362673739572,1000000,,
RDEx-SOP,20,2,4,2026420203,17.70883822235237,1000000,,
RDEx-SOP,20,2,5,2026420204,17.50893669024532,1000000,,
RDEx-SOP,20,2,6,2026420205,17.479857580531245,1000000,,
RDEx-SOP,20,2,7,2026420206,17.522171216352945,1000000,,
RDEx-SOP,20,2,8,2026420207,17.71391467107395,1000000,,
RDEx-SOP,20,2,9,2026420208,17.71263851508712,1000000,,
RDEx-SOP,20,2,10,2026420209,17.573342757347973,1000000,,
RDEx-SOP,20,2,11,2026420210,17.513494670342823,1000000,,
RDEx-SOP,20,2,12,2026420211,17.527339472148924,1000000,,
RDEx-SOP,20,2,13,2026420212,17.603474949118606,1000000,,
RDEx-SOP,20,2,14,2026420213,17.56747518295043,1000000,,
RDEx-SOP,20,2,15,2026420214,17.507047216453543,1000000,,
RDEx-SOP,20,2,16,2026420215,17.680160239776853,1000000,,
RDEx-SOP,20,2,17,2026420216,17.687345396148203,1000000,,
RDEx-SOP,20,2,18,2026420217,17.632127512936677,1000000,,
RDEx-SOP,20,2,19,2026420218,17.6668443014608,1000000,,
RDEx-SOP,20,2,20,2026420219,17.559797925643352,1000000,,
RDEx-SOP,20,2,21,2026420220,17.550994998765475,1000000,,
RDEx-SOP,20,2,22,2026420221,17.54652441193997,1000000,,
RDEx-SOP,20,2,23,2026420222,17.555936897342917,1000000,,
RDEx-SOP,20,2,24,2026420223,17.699688135877466,1000000,,
RDEx-SOP,20,2,25,2026420224,17.43075223302276,1000000,,
RDEx-SOP,20,2,26,2026420225,17.514086433427167,1000000,,
RDEx-SOP,20,2,27,2026420226,17.680111467828,1000000,,
RDEx-SOP,20,2,28,2026420227,17.507943435201128,1000000,,
RDEx-SOP,20,2,29,2026420228,17.62345848729808,1000000,,
RDEx-SOP,20,2,30,2026420229,17.571065253226493,1000000,,
RDEx-SOP,20,3,1,2026420300,0,1000000,,
RDEx-SOP,20,3,2,2026420301,0,1000000,,
RDEx-SOP,20,3,3,2026420302,0,1000000,,
RDEx-SOP,20,3,4,2026420303,0,1000000,,
RDEx-SOP,20,3,5,2026420304,0,1000000,,
RDEx-SOP,20,3,6,2026420305,0,1000000,,
RDEx-SOP,20,3,7,2026420306,0,1000000,,
RDEx-SOP,20,3,8,2026420307,0,1000000,,
RDEx-SOP,20,3,9,2026420308,0,1000000,,
RDEx-SOP,20,3,10,2026420309,0,1000000,,
RDEx-SOP,20,3,11,2026420310,0,1000000,,
RDEx-SOP,20,3,12,2026420311,0,1000000,,
RDEx-SOP,20,3,13,2026420312,0,1000000,,
RDEx-SOP,20,3,14,2026420313,0,1000000,,
RDEx-SOP,20,3,15,2026420314,0,1000000,,
RDEx-SOP,20,3,16,2026420315,0,1000000,,
RDEx-SOP,20,3,17,2026420316,0,1000000,,
RDEx-SOP,20,3,18,2026420317,0,1000000,,
RDEx-SOP,20,3,19,2026420318,0,1000000,,
RDEx-SOP,20,3,20,2026420319,0,1000000,,
RDEx-SOP,20,3,21,2026420320,0,1000000,,
RDEx-SOP,20,3,22,2026420321,0,1000000,,
RDEx-SOP,20,3,23,2026420322,0,1000000,,
RDEx-SOP,20,3,24,2026420323,0,1000000,,
RDEx-SOP,20,3,25,2026420324,0,1000000,,
RDEx-SOP,20,3,26,2026420325,0,1000000,,
RDEx-SOP,20,3,27,2026420326,0,1000000,,
RDEx-SOP,20,3,28,2026420327,0,1000000,,
RDEx-SOP,20,3,29,2026420328,0,1000000,,
RDEx-SOP,20,3,30,2026420329,0,1000000,,
RDEx-SOP,20,4,1,2026420400,1.9899181141865938,1000000,,
RDEx-SOP,20,4,2,2026420401,1.9899181141865938,1000000,,
RDEx-SOP,20,4,3,2026420402,4.9747952854664845,1000000,,
RDEx-SOP,20,4,4,2026420403,0.9949590570932969,1000000,,
RDEx-SOP,20,4,5,2026420404,1.9899181141865938,1000000,,
RDEx-SOP,20,4,6,2026420405,2.9848771712798907,1000000,,
RDEx-SOP,20,4,7,2026420406,0.9949590570932969,1000000,,
RDEx-SOP,20,4,8,2026420407,0,1000000,,
RDEx-SOP,20,4,9,2026420408,0.9949590570932969,1000000,,
RDEx-SOP,20,4,10,2026420409,0.9949590570932969,1000000,,
RDEx-SOP,20,4,11,2026420410,0,1000000,,
RDEx-SOP,20,4,12,2026420411,0,1000000,,
RDEx-SOP,20,4,13,2026420412,2.9848771712798907,1000000,,
RDEx-SOP,20,4,14,2026420413,0.9949590570932969,1000000,,
RDEx-SOP,20,4,15,2026420414,0,1000000,,
RDEx-SOP,20,4,16,2026420415,2.9848771712798907,1000000,,
RDEx-SOP,20,4,17,2026420416,1.9899181141865938,1000000,,
RDEx-SOP,20,4,18,2026420417,1.9899181141865938,1000000,,
RDEx-SOP,20,4,19,2026420418,1.9899181141865938,1000000,,
RDEx-SOP,20,4,20,2026420419,3.9798362283731876,1000000,,
RDEx-SOP,20,4,21,2026420420,2.9848771712798907,1000000,,
RDEx-SOP,20,4,22,2026420421,0.9949590570932969,1000000,,
RDEx-SOP,20,4,23,2026420422,0.9949590570932969,1000000,,
RDEx-SOP,20,4,24,2026420423,0.9949590570932969,1000000,,
RDEx-SOP,20,4,25,2026420424,1.9899181141865938,1000000,,
RDEx-SOP,20,4,26,2026420425,1.9899181141865938,1000000,,
RDEx-SOP,20,4,27,2026420426,0.9949590570932969,1000000,,
RDEx-SOP,20,4,28,2026420427,0.9949590570932969,1000000,,
RDEx-SOP,20,4,29,2026420428,1.9899181141865938,1000000,,
RDEx-SOP,20,4,30,2026420429,0.9949590570932969,1000000,,
RDEx-SOP,20,5,1,2026420500,0,1000000,,
RDEx-SOP,20,5,2,2026420501,0,1000000,,
RDEx-SOP,20,5,3,2026420502,0,1000000,,
RDEx-SOP,20,5,4,2026420503,0,1000000,,
RDEx-SOP,20,5,5,2026420504,0,1000000,,
RDEx-SOP,20,5,6,2026420505,0,1000000,,
RDEx-SOP,20,5,7,2026420506,0,1000000,,
RDEx-SOP,20,5,8,2026420507,0,1000000,,
RDEx-SOP,20,5,9,2026420508,0,1000000,,
RDEx-SOP,20,5,10,2026420509,0,1000000,,
RDEx-SOP,20,5,11,2026420510,0,1000000,,
RDEx-SOP,20,5,12,2026420511,0,1000000,,
RDEx-SOP,20,5,13,2026420512,0,1000000,,
RDEx-SOP,20,5,14,2026420513,0,1000000,,
RDEx-SOP,20,5,15,2026420514,0,1000000,,
RDEx-SOP,20,5,16,2026420515,0,1000000,,
RDEx-SOP,20,5,17,2026420516,0,1000000,,
RDEx-SOP,20,5,18,2026420517,0,1000000,,
RDEx-SOP,20,5,19,2026420518,0,1000000,,
RDEx-SOP,20,5,20,2026420519,0,1000000,,
RDEx-SOP,20,5,21,2026420520,0,1000000,,
RDEx-SOP,20,5,22,2026420521,0,1000000,,
RDEx-SOP,20,5,23,2026420522,0,1000000,,
RDEx-SOP,20,5,24,2026420523,0,1000000,,
RDEx-SOP,20,5,25,2026420524,0,1000000,,
RDEx-SOP,20,5,26,2026420525,0,1000000,,
RDEx-SOP,20,5,27,2026420526,0,1000000,,
RDEx-SOP,20,5,28,2026420527,0,1000000,,
RDEx-SOP,20,5,29,2026420528,0,1000000,,
RDEx-SOP,20,5,30,2026420529,0,1000000,,
RDEx-SOP,20,6,1,2026420600,0.5,1000000,,
RDEx-SOP,20,6,2,2026420601,0.4999999971610123,1000000,,
RDEx-SOP,20,6,3,2026420602,0.5,1000000,,
RDEx-SOP,20,6,4,2026420603,0.5,1000000,,
RDEx-SOP,20,6,5,2026420604,0.5,1000000,,
RDEx-SOP,20,6,6,2026420605,0.5,1000000,,
RDEx-SOP,20,6,7,2026420606,0.49999999998385647,1000000,,
RDEx-SOP,20,6,8,2026420607,0.5,1000000,,
RDEx-SOP,20,6,9,2026420608,0.4999874243667364,1000000,,
RDEx-SOP,20,6,10,2026420609,0.49999999993224264,1000000,,
RDEx-SOP,20,6,11,2026420610,0.4999999999843112,1000000,,
RDEx-SOP,20,6,12,2026420611,0.5,1000000,,
RDEx-SOP,20,6,13,2026420612,0.5,1000000,,
RDEx-SOP,20,6,14,2026420613,0.4999999978924734,1000000,,
RDEx-SOP,20,6,15,2026420614,0.5,1000000,,
RDEx-SOP,20,6,16,2026420615,0.4965939564049222,1000000,,
RDEx-SOP,20,6,17,2026420616,0.5,1000000,,
RDEx-SOP,20,6,18,2026420617,0.4999999999997726,1000000,,
RDEx-SOP,20,6,19,2026420618,0.5,1000000,,
RDEx-SOP,20,6,20,2026420619,0.5,1000000,,
RDEx-SOP,20,6,21,2026420620,0.4996826405761112,1000000,,
RDEx-SOP,20,6,22,2026420621,0.5,1000000,,
RDEx-SOP,20,6,23,2026420622,0.5,1000000,,
RDEx-SOP,20,6,24,2026420623,0.5,1000000,,
RDEx-SOP,20,6,25,2026420624,0.49999999999954525,1000000,,
RDEx-SOP,20,6,26,2026420625,0.5,1000000,,
RDEx-SOP,20,6,27,2026420626,0.5,1000000,,
RDEx-SOP,20,6,28,2026420627,0.49999999790065885,1000000,,
RDEx-SOP,20,6,29,2026420628,0.4075594029043259,1000000,,
RDEx-SOP,20,6,30,2026420629,0.49333338671226556,1000000,,
RDEx-SOP,20,7,1,2026420700,0.6243465119628127,1000000,,
RDEx-SOP,20,7,2,2026420701,0,1000000,,
RDEx-SOP,20,7,3,2026420702,0.31217325598140633,1000000,,
RDEx-SOP,20,7,4,2026420703,19.998119035062928,1000000,,
RDEx-SOP,20,7,5,2026420704,0.31217325598140633,1000000,,
RDEx-SOP,20,7,6,2026420705,0.31217325598140633,1000000,,
RDEx-SOP,20,7,7,2026420706,0.31217325598140633,1000000,,
RDEx-SOP,20,7,8,2026420707,0.31217325598140633,1000000,,
RDEx-SOP,20,7,9,2026420708,0.31217325598140633,1000000,,
RDEx-SOP,20,7,10,2026420709,0,1000000,,
RDEx-SOP,20,7,11,2026420710,0.31217325598140633,1000000,,
RDEx-SOP,20,7,12,2026420711,0.6243465119628127,1000000,,
RDEx-SOP,20,7,13,2026420712,0.31217325598140633,1000000,,
RDEx-SOP,20,7,14,2026420713,0,1000000,,
RDEx-SOP,20,7,15,2026420714,0.6243465119628127,1000000,,
RDEx-SOP,20,7,16,2026420715,20.317876779125527,1000000,,
RDEx-SOP,20,7,17,2026420716,0.9949590570934106,1000000,,
RDEx-SOP,20,7,18,2026420717,0.6243465119628127,1000000,,
RDEx-SOP,20,7,19,2026420718,0.6243465119628127,1000000,,
RDEx-SOP,20,7,20,2026420719,0.31217325598140633,1000000,,
RDEx-SOP,20,7,21,2026420720,0.31217325598140633,1000000,,
RDEx-SOP,20,7,22,2026420721,0.31217325598140633,1000000,,
RDEx-SOP,20,7,23,2026420722,0.6243465119628127,1000000,,
RDEx-SOP,20,7,24,2026420723,0,1000000,,
RDEx-SOP,20,7,25,2026420724,0.31217325598140633,1000000,,
RDEx-SOP,20,7,26,2026420725,0.6243465119628127,1000000,,
RDEx-SOP,20,7,27,2026420726,0.31217325598140633,1000000,,
RDEx-SOP,20,7,28,2026420727,0.6243465119628127,1000000,,
RDEx-SOP,20,7,29,2026420728,20.629963377144122,1000000,,
RDEx-SOP,20,7,30,2026420729,0.6243465119628127,1000000,,
RDEx-SOP,20,8,1,2026420800,0.3321964683427723,1000000,,
RDEx-SOP,20,8,2,2026420801,0.35727823638444534,1000000,,
RDEx-SOP,20,8,3,2026420802,20.56676388012511,1000000,,
RDEx-SOP,20,8,4,2026420803,20.587331995005115,1000000,,
RDEx-SOP,20,8,5,2026420804,0.6856074087477282,1000000,,
RDEx-SOP,20,8,6,2026420805,20.578900793026605,1000000,,
RDEx-SOP,20,8,7,2026420806,20.117004437686774,1000000,,
RDEx-SOP,20,8,8,2026420807,0.6116585208637844,1000000,,
RDEx-SOP,20,8,9,2026420808,20.213633461289646,1000000,,
RDEx-SOP,20,8,10,2026420809,20.591655357175114,1000000,,
RDEx-SOP,20,8,11,2026420810,20.69987398138983,1000000,,
RDEx-SOP,20,8,12,2026420811,20.802947098891764,1000000,,
RDEx-SOP,20,8,13,2026420812,20.947135348329084,1000000,,
RDEx-SOP,20,8,14,2026420813,20.702614570619062,1000000,,
RDEx-SOP,20,8,15,2026420814,0.6166904458295903,1000000,,
RDEx-SOP,20,8,16,2026420815,20.728359383779207,1000000,,
RDEx-SOP,20,8,17,2026420816,0.40188024237704667,1000000,,
RDEx-SOP,20,8,18,2026420817,20.160780071773843,1000000,,
RDEx-SOP,20,8,19,2026420818,0.41015527230138105,1000000,,
RDEx-SOP,20,8,20,2026420819,20.948262509652523,1000000,,
RDEx-SOP,20,8,21,2026420820,20.561520123985247,1000000,,
RDEx-SOP,20,8,22,2026420821,20.95389161006233,1000000,,
RDEx-SOP,20,8,23,2026420822,20.776751111976864,1000000,,
RDEx-SOP,20,8,24,2026420823,20.376586099539963,1000000,,
RDEx-SOP,20,8,25,2026420824,0.565274108982976,1000000,,
RDEx-SOP,20,8,26,2026420825,20.110090636146197,1000000,,
RDEx-SOP,20,8,27,2026420826,0.24717630773648125,1000000,,
RDEx-SOP,20,8,28,2026420827,20.370501347203117,1000000,,
RDEx-SOP,20,8,29,2026420828,20.287133172804715,1000000,,
RDEx-SOP,20,8,30,2026420829,20.949989800241383,1000000,,
RDEx-SOP,20,9,1,2026420900,165.6072284578263,1000000,,
RDEx-SOP,20,9,2,2026420901,165.82074462239598,1000000,,
RDEx-SOP,20,9,3,2026420902,165.6052185671274,1000000,,
RDEx-SOP,20,9,4,2026420903,165.6188723470923,1000000,,
RDEx-SOP,20,9,5,2026420904,165.57969835728045,1000000,,
RDEx-SOP,20,9,6,2026420905,165.56436506033606,1000000,,
RDEx-SOP,20,9,7,2026420906,165.7514077005976,1000000,,
RDEx-SOP,20,9,8,2026420907,165.64895801969578,1000000,,
RDEx-SOP,20,9,9,2026420908,165.68644259799203,1000000,,
RDEx-SOP,20,9,10,2026420909,165.5689511715491,1000000,,
RDEx-SOP,20,9,11,2026420910,165.5454452418453,1000000,,
RDEx-SOP,20,9,12,2026420911,165.71488229339957,1000000,,
RDEx-SOP,20,9,13,2026420912,165.60168759136377,1000000,,
RDEx-SOP,20,9,14,2026420913,165.59216791402105,1000000,,
RDEx-SOP,20,9,15,2026420914,165.63331977682537,1000000,,
RDEx-SOP,20,9,16,2026420915,165.6198068085455,1000000,,
RDEx-SOP,20,9,17,2026420916,165.5307138327439,1000000,,
RDEx-SOP,20,9,18,2026420917,165.7294403817482,1000000,,
RDEx-SOP,20,9,19,2026420918,165.66729138796018,1000000,,
RDEx-SOP,20,9,20,2026420919,165.69656083276868,1000000,,
RDEx-SOP,20,9,21,2026420920,165.5883167459374,1000000,,
RDEx-SOP,20,9,22,2026420921,165.79022092786772,1000000,,
RDEx-SOP,20,9,23,2026420922,165.55654932831203,1000000,,
RDEx-SOP,20,9,24,2026420923,165.44840318928846,1000000,,
RDEx-SOP,20,9,25,2026420924,165.54335959344462,1000000,,
RDEx-SOP,20,9,26,2026420925,165.72794126928238,1000000,,
RDEx-SOP,20,9,27,2026420926,165.60604241198234,1000000,,
RDEx-SOP,20,9,28,2026420927,165.77594816951296,1000000,,
RDEx-SOP,20,9,29,2026420928,165.6616346154692,1000000,,
RDEx-SOP,20,9,30,2026420929,165.63743937498793,1000000,,
RDEx-SOP,20,10,1,2026421000,100.18388661803147,1000000,,
RDEx-SOP,20,10,2,2026421001,100.21039875299584,1000000,,
RDEx-SOP,20,10,3,2026421002,100.19181327827391,1000000,,
RDEx-SOP,20,10,4,2026421003,100.21188024181902,1000000,,
RDEx-SOP,20,10,5,2026421004,100.20229414895084,1000000,,
RDEx-SOP,20,10,6,2026421005,100.21047090104548,1000000,,
RDEx-SOP,20,10,7,2026421006,100.2041155167426,1000000,,
RDEx-SOP,20,10,8,2026421007,100.2295580980458,1000000,,
RDEx-SOP,20,10,9,2026421008,100.20757977588664,1000000,,
RDEx-SOP,20,10,10,2026421009,100.23974351714878,1000000,,
RDEx-SOP,20,10,11,2026421010,100.24992445234284,1000000,,
RDEx-SOP,20,10,12,2026421011,100.20333654066962,1000000,,
RDEx-SOP,20,10,13,2026421012,100.20570791706314,1000000,,
RDEx-SOP,20,10,14,2026421013,100.21081073996538,1000000,,
RDEx-SOP,20,10,15,2026421014,207.4779979003588,1000000,,
RDEx-SOP,20,10,16,2026421015,100.22504258536583,1000000,,
RDEx-SOP,20,10,17,2026421016,100.24001199675286,1000000,,
RDEx-SOP,20,10,18,2026421017,100.2057615055096,1000000,,
RDEx-SOP,20,10,19,2026421018,100.20509725183729,1000000,,
RDEx-SOP,20,10,20,2026421019,100.24812279366415,1000000,,
RDEx-SOP,20,10,21,2026421020,100.20328146664724,1000000,,
RDEx-SOP,20,10,22,2026421021,100.21437329531955,1000000,,
RDEx-SOP,20,10,23,2026421022,100.21518476357824,1000000,,
RDEx-SOP,20,10,24,2026421023,100.23144622963946,1000000,,
RDEx-SOP,20,10,25,2026421024,100.19026135117429,1000000,,
RDEx-SOP,20,10,26,2026421025,100.19833405681811,1000000,,
RDEx-SOP,20,10,27,2026421026,100.19636047086851,1000000,,
RDEx-SOP,20,10,28,2026421027,100.23055396472637,1000000,,
RDEx-SOP,20,10,29,2026421028,100.20550822177802,1000000,,
RDEx-SOP,20,10,30,2026421029,100.19019150258373,1000000,,
RDEx-SOP,20,11,1,2026421100,400.00000000000045,1000000,,
RDEx-SOP,20,11,2,2026421101,400.00000000000045,1000000,,
RDEx-SOP,20,11,3,2026421102,300,1000000,,
RDEx-SOP,20,11,4,2026421103,300,1000000,,
RDEx-SOP,20,11,5,2026421104,400.00000000000045,1000000,,
RDEx-SOP,20,11,6,2026421105,300,1000000,,
RDEx-SOP,20,11,7,2026421106,400.00000000000045,1000000,,
RDEx-SOP,20,11,8,2026421107,400.00000000000045,1000000,,
RDEx-SOP,20,11,9,2026421108,400.00000000000045,1000000,,
RDEx-SOP,20,11,10,2026421109,300,1000000,,
RDEx-SOP,20,11,11,2026421110,300,1000000,,
RDEx-SOP,20,11,12,2026421111,300,1000000,,
RDEx-SOP,20,11,13,2026421112,300,1000000,,
RDEx-SOP,20,11,14,2026421113,300,1000000,,
RDEx-SOP,20,11,15,2026421114,300,1000000,,
RDEx-SOP,20,11,16,2026421115,400.00000000000045,1000000,,
RDEx-SOP,20,11,17,2026421116,300,1000000,,
RDEx-SOP,20,11,18,2026421117,300,1000000,,
RDEx-SOP,20,11,19,2026421118,300,1000000,,
RDEx-SOP,20,11,20,2026421119,0,1000000,,
RDEx-SOP,20,11,21,2026421120,300,1000000,,
RDEx-SOP,20,11,22,2026421121,300,1000000,,
RDEx-SOP,20,11,23,2026421122,300,1000000,,
RDEx-SOP,20,11,24,2026421123,400.00000000000045,1000000,,
RDEx-SOP,20,11,25,2026421124,400.00000000000045,1000000,,
RDEx-SOP,20,11,26,2026421125,400.00000000000045,1000000,,
RDEx-SOP,20,11,27,2026421126,400.00000000000045,1000000,,
RDEx-SOP,20,11,28,2026421127,300,1000000,,
RDEx-SOP,20,11,29,2026421128,400.00000000000045,1000000,,
RDEx-SOP,20,11,30,2026421129,300,1000000,,
RDEx-SOP,20,12,1,2026421200,200.00401522010998,1000000,,
RDEx-SOP,20,12,2,2026421201,200.00379628586552,1000000,,
RDEx-SOP,20,12,3,2026421202,200.00400895388884,1000000,,
RDEx-SOP,20,12,4,2026421203,200.00425755918423,1000000,,
RDEx-SOP,20,12,5,2026421204,200.00391821596622,1000000,,
RDEx-SOP,20,12,6,2026421205,200.00381698992533,1000000,,
RDEx-SOP,20,12,7,2026421206,200.00378456385897,1000000,,
RDEx-SOP,20,12,8,2026421207,200.00401185337068,1000000,,
RDEx-SOP,20,12,9,2026421208,200.00442947940383,1000000,,
RDEx-SOP,20,12,10,2026421209,200.0040131366145,1000000,,
RDEx-SOP,20,12,11,2026421210,200.0039927767575,1000000,,
RDEx-SOP,20,12,12,2026421211,200.0040426533037,1000000,,
RDEx-SOP,20,12,13,2026421212,200.0045092079672,1000000,,
RDEx-SOP,20,12,14,2026421213,200.0042045268624,1000000,,
RDEx-SOP,20,12,15,2026421214,200.00493912283582,1000000,,
RDEx-SOP,20,12,16,2026421215,200.00494555978867,1000000,,
RDEx-SOP,20,12,17,2026421216,200.00378306234188,1000000,,
RDEx-SOP,20,12,18,2026421217,200.0041587299579,1000000,,
RDEx-SOP,20,12,19,2026421218,200.00489534001827,1000000,,
RDEx-SOP,20,12,20,2026421219,200.00422187791628,1000000,,
RDEx-SOP,20,12,21,2026421220,200.00388596466655,1000000,,
RDEx-SOP,20,12,22,2026421221,200.0044799741163,1000000,,
RDEx-SOP,20,12,23,2026421222,200.00403388430277,1000000,,
RDEx-SOP,20,12,24,2026421223,200.00430473368488,1000000,,
RDEx-SOP,20,12,25,2026421224,200.0035763462829,1000000,,
RDEx-SOP,20,12,26,2026421225,200.00391394706003,1000000,,
RDEx-SOP,20,12,27,2026421226,200.00476012678655,1000000,,
RDEx-SOP,20,12,28,2026421227,200.00397895544438,1000000,,
RDEx-SOP,20,12,29,2026421228,200.00412632298776,1000000,,
RDEx-SOP,20,12,30,2026421229,200.00479633086525,1000000,,
